State Name,State Code,District Name,District_Code,Block_Name,Block_Code,GP Name,GP Code,Latitude,Longitude,Location OF GP,Phase,Village Name,Village_Lat,Village_Long,Distance(in meters),Village_Popln,Villg_Throughput,Matched_vlg,LinkThroughput
RAJASTHAN,8.0,DHOLPUR,106.0,BASERI,666.0,Dhaur,33237.0,26.711972,77.45675,Dhaur,2.0,Chak Samantgarh,26.7498,77.45509,4209.51106763,1000.0,16.0,,100
RAJASTHAN,8.0,DHOLPUR,106.0,BARI,665.0,Kanchanpur,33195.0,26.707194,77.675056,Kanchanpur,2.0,Kanchanpur,26.70988,77.68291,835.362085117,2017.0,32.272,Kanchanpur,100
RAJASTHAN,8.0,DHOLPUR,106.0,BARI,665.0,Marholi,33204.0,26.715083,77.749833,Marholi,2.0,Dhwajpura,26.71778,77.74283,757.461543867,1492.0,23.872,Dhwajpura,163.8
RAJASTHAN,8.0,DHOLPUR,106.0,BARI,665.0,Tontri,33225.0,26.706944,77.616028,Tontri,2.0,Barapura,26.71109,77.6016,1505.46527622,1012.0,16.192,Barapura,163.8
RAJASTHAN,8.0,DHOLPUR,106.0,BARI,665.0,Marholi,33204.0,26.715083,77.749833,Marholi,2.0,Afzalpur,26.70379,77.72788,2516.31392374,2668.0,42.688,Afzalpur,163.8
RAJASTHAN,8.0,DHOLPUR,106.0,BARI,665.0,saheri,33219.0,26.591667,77.608861,saheri,2.0,Adampur,26.61926,77.60248,3133.10207712,1268.0,20.288,Adampur,100
RAJASTHAN,8.0,DHOLPUR,106.0,BARI,665.0,khanpur maina,33199.0,26.622667,77.651944,khanpur maina,2.0,Nizampur,26.60473,77.65677,2051.39529751,560.0,8.96,Nizampur,100
RAJASTHAN,8.0,DHOLPUR,106.0,BARI,665.0,Kanchanpur,33195.0,26.707194,77.675056,Kanchanpur,2.0,Dhaunspur,26.70079,77.68495,1213.67595744,551.0,8.816,Dhaunspur,100
RAJASTHAN,8.0,DHOLPUR,106.0,BARI,665.0,Kanchanpur,33195.0,26.707194,77.675056,Kanchanpur,2.0,Iqbalpur,26.70502,77.65785,1726.135272,436.0,6.976,Iqbalpur,100
RAJASTHAN,8.0,DHOLPUR,106.0,BARI,665.0,Rupaspur,33217.0,26.686417,77.658389,Rupaspur,2.0,Jarari Ghaisua,26.7025,77.64665,2134.99115132,1000.0,16.0,,100
RAJASTHAN,8.0,DHOLPUR,106.0,BARI,665.0,Rupaspur,33217.0,26.686417,77.658389,Rupaspur,2.0,Jahanpur,26.69226,77.65644,677.951073206,492.0,7.872,Jahanpur,100
RAJASTHAN,8.0,DHOLPUR,106.0,DHAULPUR,667.0,Nunhera,33295.0,26.775583,77.745917,Nunhera,1.0,Majhauwa,26.76624,77.72374,2434.45706683,956.0,15.296,Majhauwa,100
RAJASTHAN,8.0,DHOLPUR,106.0,BARI,665.0,Neem khera,33209.0,26.762306,77.753167,Neem khera,2.0,Sikroda,26.75899,77.73645,1700.21793638,823.0,13.168,Sikroda,163.8
RAJASTHAN,8.0,DHOLPUR,106.0,BARI,665.0,Nagla Beedhora,33206.0,26.772917,77.665639,Nagla Beedhora,2.0,Kherli,26.75744,77.66446,1724.94001181,665.0,10.64,Kherli,163.8
RAJASTHAN,8.0,DHOLPUR,106.0,BARI,665.0,Garhisukkha,33191.0,26.748333,77.709472,Garhisukkha,2.0,Ajeetpur,26.76105,77.71068,1419.14363668,1261.0,20.176,Ajeetpur,163.8
RAJASTHAN,8.0,DHOLPUR,106.0,BARI,665.0,Garhisukkha,33191.0,26.748333,77.709472,Garhisukkha,2.0,Khera,26.7533,77.72331,1480.8784756,962.0,15.392,Khera,163.8
RAJASTHAN,8.0,DHOLPUR,106.0,BARI,665.0,Norha,33212.0,26.749167,77.647861,Norha,2.0,Norha,26.7451,77.64563,503.575460043,888.0,14.208,Marh Norha,100
RAJASTHAN,8.0,DHOLPUR,106.0,BARI,665.0,Nagla Beedhora,33206.0,26.772917,77.665639,Nagla Beedhora,2.0,Nagla Beedhora,26.7668,77.6791,1499.51195251,1000.0,16.0,,163.8
RAJASTHAN,8.0,DHOLPUR,106.0,BARI,665.0,Garhisukkha,33191.0,26.748333,77.709472,Garhisukkha,2.0,Dhurwas,26.76537,77.69537,2355.70220707,1053.0,16.848,Dhurwas,163.8
RAJASTHAN,8.0,DHOLPUR,106.0,BARI,665.0,Neem khera,33209.0,26.762306,77.753167,Neem khera,2.0,Kolua,26.757,77.76983,1756.46366112,1227.0,19.632,Kolua,163.8
RAJASTHAN,8.0,DHOLPUR,106.0,BARI,665.0,Neem khera,33209.0,26.762306,77.753167,Neem khera,2.0,Neem Khera,26.76029,77.75583,346.636333931,1000.0,16.0,,163.8
RAJASTHAN,8.0,DHOLPUR,106.0,BARI,665.0,Norha,33212.0,26.749167,77.647861,Norha,2.0,Badraitha,26.73959,77.66403,1926.63313022,1261.0,20.176,Badraitha,100
RAJASTHAN,8.0,DHOLPUR,106.0,BARI,665.0,Sonha,33222.0,26.729778,77.685333,Sonha,2.0,Mahua Khera,26.73068,77.69923,1383.77839463,1000.0,16.0,,122.85
RAJASTHAN,8.0,DHOLPUR,106.0,BARI,665.0,Tontri,33225.0,26.706944,77.616028,Tontri,2.0,Bainpura Khalsa,26.72482,77.63099,2481.83526326,1000.0,16.0,,163.8
RAJASTHAN,8.0,DHOLPUR,106.0,BARI,665.0,Sonha,33222.0,26.729778,77.685333,Sonha,2.0,Takeepur,26.72806,77.66657,1873.17890628,1348.0,21.568,Takeepur,122.85
RAJASTHAN,8.0,DHOLPUR,106.0,BARI,665.0,Sonha,33222.0,26.729778,77.685333,Sonha,2.0,Panjoopura,26.72173,77.69496,1309.5779859,2043.0,32.688,Panjoopura,122.85
RAJASTHAN,8.0,DHOLPUR,106.0,BARI,665.0,Norha,33212.0,26.749167,77.647861,Norha,2.0,Kanspura,26.72333,77.64415,2896.48333102,362.0,5.792,Kanspura,100
RAJASTHAN,8.0,DHOLPUR,106.0,BARI,665.0,Marholi,33204.0,26.715083,77.749833,Marholi,2.0,Lalonihar,26.71912,77.75984,1090.5971328,1093.0,17.488,Lalonihar,163.8
RAJASTHAN,8.0,DHOLPUR,106.0,BARI,665.0,Sonha,33222.0,26.729778,77.685333,Sonha,2.0,Sonha,26.72036,77.68401,1055.44469695,371.0,5.936,Chhota Sonha,122.85
RAJASTHAN,8.0,DHOLPUR,106.0,BARI,665.0,saheri,33219.0,26.591667,77.608861,saheri,2.0,Kasoti Khera,26.59294,77.62077,1192.56736796,1000.0,16.0,,100
RAJASTHAN,8.0,DHOLPUR,106.0,BARI,665.0,khanpur maina,33199.0,26.622667,77.651944,khanpur maina,2.0,Pohap Nagar,26.61162,77.67536,2632.02024568,1000.0,16.0,,100
RAJASTHAN,8.0,DHOLPUR,106.0,BARI,665.0,Aligarh,33185.0,26.688944,77.628278,Aligarh,2.0,Dadur,26.70034,77.62856,1267.48702088,1186.0,18.976,Dadur,163.8
RAJASTHAN,8.0,DHOLPUR,106.0,BARI,665.0,Khauri ibrahmpur,33193.0,26.699722,77.548917,Khauri ibrahmpur,2.0,Khori Ibrahimpur,26.69148,77.55149,951.446190869,1000.0,16.0,,163.8
RAJASTHAN,8.0,DHOLPUR,106.0,BARI,665.0,Khauri ibrahmpur,33193.0,26.699722,77.548917,Khauri ibrahmpur,2.0,Tamoti,26.6947,77.52925,2031.97347631,560.0,8.96,Tamoti,163.8
RAJASTHAN,8.0,DHOLPUR,106.0,BARI,665.0,Aligarh,33185.0,26.688944,77.628278,Aligarh,2.0,Garhi Khirana,26.69086,77.61387,1447.16237189,1000.0,16.0,,163.8
RAJASTHAN,8.0,DHOLPUR,106.0,BARI,665.0,Naksauda,33208.0,26.591444,77.549611,Naksauda,2.0,Kankrai,26.60067,77.53335,1914.81619306,1289.0,20.624,Kankrai,163.8
RAJASTHAN,8.0,DHOLPUR,106.0,BASERI,666.0,Angai,33227.0,26.601972,77.4735,Angai,2.0,Richhai,26.60059,77.51038,3669.98694108,1000.0,16.0,,204.75
RAJASTHAN,8.0,DHOLPUR,106.0,BASERI,666.0,Madasil,33250.0,26.548361,77.329,Madasil,2.0,Maharpur,26.55408,77.34639,1842.93650678,351.0,5.616,Maharpur,163.8
RAJASTHAN,8.0,DHOLPUR,106.0,BARI,665.0,Naksauda,33208.0,26.591444,77.549611,Naksauda,2.0,Dhaundh,26.55498,77.52209,4891.89603223,1180.0,18.88,Dhaundh,163.8
RAJASTHAN,8.0,DHOLPUR,106.0,BASERI,666.0,Madasil,33250.0,26.548361,77.329,Madasil,2.0,Madasil,26.54777,77.33611,710.281888867,1384.0,22.144,Madasil,163.8
RAJASTHAN,8.0,DHOLPUR,106.0,BASERI,666.0,Barauli,33231.0,26.549222,77.417056,Barauli,2.0,Pabaini,26.5524,77.39009,2705.43531897,1443.0,23.088,Pabaini,122.85
RAJASTHAN,8.0,DHOLPUR,106.0,BASERI,666.0,Moorik,33253.0,26.783583,77.525,Moorik,2.0,Nonerapur Chandoo,26.79337,77.52001,1195.68181247,1000.0,16.0,,163.8
RAJASTHAN,8.0,DHOLPUR,106.0,BASERI,666.0,Bharli,33234.0,26.801889,77.504778,Bharli,2.0,Indaun,26.79048,77.50476,1268.62417609,693.0,11.088,Indaun,122.85
RAJASTHAN,8.0,DHOLPUR,106.0,BASERI,666.0,Moorik,33253.0,26.783583,77.525,Moorik,2.0,Moorik,26.77733,77.52651,711.27572994,2379.0,38.064,Moorik,163.8
RAJASTHAN,8.0,DHOLPUR,106.0,BASERI,666.0,Moorik,33253.0,26.783583,77.525,Moorik,2.0,Mai,26.77827,77.50341,2223.12418373,2224.0,35.584,Mai,163.8
RAJASTHAN,8.0,DHOLPUR,106.0,BARI,665.0,Lakhepura,33203.0,26.671444,77.697556,Lakhepura,2.0,Pura Bakhtoo,26.6827,77.70667,1544.84700618,1000.0,16.0,,100
RAJASTHAN,8.0,DHOLPUR,106.0,BARI,665.0,Lakhepura,33203.0,26.671444,77.697556,Lakhepura,2.0,Lakhepura,26.68442,77.69449,1474.67289766,1142.0,18.272,Lakhepura,100
RAJASTHAN,8.0,DHOLPUR,106.0,BARI,665.0,Bijauli,33187.0,26.655639,77.7235,Bijauli,2.0,Kutakpur,26.68539,77.72869,3348.11443651,496.0,7.936,Kutakpur,100
RAJASTHAN,8.0,DHOLPUR,106.0,BARI,665.0,Bijauli,33187.0,26.655639,77.7235,Bijauli,2.0,Garhi Jakhoda,26.66963,77.74241,2439.53335772,1000.0,16.0,,100
RAJASTHAN,8.0,DHOLPUR,106.0,BARI,665.0,Rupaspur,33217.0,26.686417,77.658389,Rupaspur,2.0,Hansai,26.6782,77.66841,1351.33076279,1800.0,28.8,Hansai,100
RAJASTHAN,8.0,DHOLPUR,106.0,BARI,665.0,Sigorai,33221.0,26.684722,77.593389,Sigorai,2.0,Bateshwar Khurd,26.68409,77.57238,2088.46801704,1000.0,16.0,,163.8
RAJASTHAN,8.0,DHOLPUR,106.0,BARI,665.0,Lakhepura,33203.0,26.671444,77.697556,Lakhepura,2.0,Jamalpur,26.68278,77.68818,1567.3935505,469.0,7.504,Jamalpur,100
RAJASTHAN,8.0,DHOLPUR,106.0,BARI,665.0,Dhanora,33189.0,26.661694,77.670167,Dhanora,2.0,Sauhas,26.67105,77.67947,1391.70916277,218.0,3.488,Sauhas,122.85
RAJASTHAN,8.0,DHOLPUR,106.0,BARI,665.0,Aligarh,33185.0,26.688944,77.628278,Aligarh,2.0,Ranpur,26.67771,77.61682,1690.06858854,1224.0,19.584,Ranpur,163.8
RAJASTHAN,8.0,DHOLPUR,106.0,BARI,665.0,Aligarh,33185.0,26.688944,77.628278,Aligarh,2.0,Bidarpur,26.67334,77.62947,1739.12278072,257.0,4.112,Bidarpur,163.8
RAJASTHAN,8.0,DHOLPUR,106.0,BARI,665.0,Dheemiri,33190.0,26.671944,77.514972,Dheemiri,2.0,Totpura,26.65758,77.54146,3078.78999149,464.0,7.424,Totpura,100
RAJASTHAN,8.0,DHOLPUR,106.0,BARI,665.0,Dheemiri,33190.0,26.671944,77.514972,Dheemiri,2.0,Sikarra,26.64908,77.50267,2821.00430295,632.0,10.112,Sikarra,100
RAJASTHAN,8.0,DHOLPUR,106.0,BARI,665.0,Dhanora,33189.0,26.661694,77.670167,Dhanora,2.0,Dhanora,26.66431,77.66865,327.625917796,1632.0,26.112,Dhanora,122.85
RAJASTHAN,8.0,DHOLPUR,106.0,BARI,665.0,Nidhara,33211.0,26.665056,77.58075,Nidhara,2.0,Nidhara,26.66283,77.58517,504.158158614,202.0,3.232,Rundh Nidhara,100
RAJASTHAN,8.0,DHOLPUR,106.0,BARI,665.0,Dhanora,33189.0,26.661694,77.670167,Dhanora,2.0,Rajapur,26.65825,77.66266,838.548306088,403.0,6.448,Rajapur,122.85
RAJASTHAN,8.0,DHOLPUR,106.0,BARI,665.0,Mastoora,33205.0,26.641833,77.695472,Mastoora,2.0,Mastoora,26.65192,77.69575,1121.96346504,1825.0,29.2,Mastoora,100
RAJASTHAN,8.0,DHOLPUR,106.0,BARI,665.0,Bijauli,33187.0,26.655639,77.7235,Bijauli,2.0,Janpura,26.6533,77.74146,1803.67976295,477.0,7.632,Janpura,100
RAJASTHAN,8.0,DHOLPUR,106.0,BARI,665.0,Mastoora,33205.0,26.641833,77.695472,Mastoora,2.0,Husainpur,26.64883,77.68283,1477.82535951,1303.0,20.848,Husainpur,100
RAJASTHAN,8.0,DHOLPUR,106.0,BARI,665.0,Nidhara,33211.0,26.665056,77.58075,Nidhara,2.0,Maharajpur,26.6447,77.58699,2346.89246506,421.0,6.736,Maharajpur,100
RAJASTHAN,8.0,DHOLPUR,106.0,BARI,665.0,Nidhara,33211.0,26.665056,77.58075,Nidhara,2.0,Rundh Nidhara,26.65142,77.57491,1623.52416638,1000.0,16.0,,100
RAJASTHAN,8.0,DHOLPUR,106.0,BARI,665.0,Dhanora,33189.0,26.661694,77.670167,Dhanora,2.0,Karerua,26.64552,77.65261,2505.75069397,2043.0,32.688,Karerua,122.85
RAJASTHAN,8.0,DHOLPUR,106.0,BARI,665.0,Bijauli,33187.0,26.655639,77.7235,Bijauli,2.0,Ban Bihar,26.6355,77.74384,3016.81935955,1000.0,16.0,,100
RAJASTHAN,8.0,DHOLPUR,106.0,BARI,665.0,Marholi,33204.0,26.715083,77.749833,Marholi,2.0,Arrua,26.70809,77.75305,840.681484547,1000.0,16.0,,163.8
RAJASTHAN,8.0,DHOLPUR,106.0,BARI,665.0,Khauri ibrahmpur,33193.0,26.699722,77.548917,Khauri ibrahmpur,2.0,Khairari,26.70766,77.57198,2455.12231024,534.0,8.544,Khairari,163.8
RAJASTHAN,8.0,DHOLPUR,106.0,BARI,665.0,Sigorai,33221.0,26.684722,77.593389,Sigorai,2.0,Bateshwar Kalan,26.69557,77.58325,1571.50618752,1000.0,16.0,,163.8
RAJASTHAN,8.0,DHOLPUR,106.0,BARI,665.0,Sigorai,33221.0,26.684722,77.593389,Sigorai,2.0,Sigorai,26.6967,77.59918,1450.83641227,2196.0,35.136,Sigorai,163.8
RAJASTHAN,8.0,DHOLPUR,106.0,BARI,665.0,Umreh,33226.0,26.611306,77.566778,Umreh,2.0,Sanaura,26.62481,77.53005,3947.83602472,2484.0,39.744,Sanaura,100
RAJASTHAN,8.0,DHOLPUR,106.0,BARI,665.0,Mastoora,33205.0,26.641833,77.695472,Mastoora,2.0,Madauna,26.63124,77.69428,1183.83134724,306.0,4.896,Madauna,100
RAJASTHAN,8.0,DHOLPUR,106.0,BARI,665.0,khanpur maina,33199.0,26.622667,77.651944,khanpur maina,2.0,Khanpur Maina,26.62815,77.64305,1073.93324898,1000.0,16.0,,100
RAJASTHAN,8.0,DHOLPUR,106.0,BARI,665.0,khanpur maina,33199.0,26.622667,77.651944,khanpur maina,2.0,Khanpur Goojar,26.62688,77.67272,2117.68070869,1000.0,16.0,,100
RAJASTHAN,8.0,DHOLPUR,106.0,BARI,665.0,Sonha,33222.0,26.729778,77.685333,Sonha,2.0,Kurendha,26.73837,77.68496,956.10463598,1334.0,21.344,Kurendha,122.85
RAJASTHAN,8.0,DHOLPUR,106.0,BARI,665.0,Norha,33212.0,26.749167,77.647861,Norha,2.0,Madha Goojar,26.73834,77.63336,1876.92697049,1000.0,16.0,,100
RAJASTHAN,8.0,DHOLPUR,106.0,BASERI,666.0,Salempur,33258.0,26.7395,77.577778,Salempur,2.0,Nonera Prithvisingh,26.75686,77.60656,3448.78042432,1000.0,16.0,,100
RAJASTHAN,8.0,DHOLPUR,106.0,BASERI,666.0,Khidora,33246.0,26.76625,77.557722,Khidora,2.0,Khidora,26.76385,77.55939,314.073796134,2261.0,36.176,Khidora,100
RAJASTHAN,8.0,DHOLPUR,106.0,BASERI,666.0,Kharoli,33245.0,26.494556,77.279583,Kharoli,2.0,Barapura,26.48052,77.30703,3146.0384269,1012.0,16.192,Barapura,100
RAJASTHAN,8.0,DHOLPUR,106.0,BASERI,666.0,Kharoli,33245.0,26.494556,77.279583,Kharoli,2.0,Tejapura,26.47696,77.29759,2653.29705508,319.0,5.104,Tejapura,100
RAJASTHAN,8.0,DHOLPUR,106.0,BASERI,666.0,Kharoli,33245.0,26.494556,77.279583,Kharoli,2.0,Amanpura,26.46528,77.26396,3607.64820213,288.0,4.608,Amanpura,100
RAJASTHAN,8.0,DHOLPUR,106.0,BASERI,666.0,Jhiri,33244.0,26.397861,77.413778,Jhiri,2.0,Mallapura,26.44509,77.39926,5446.98312903,352.0,5.632,Mallapura,100
RAJASTHAN,8.0,DHOLPUR,106.0,BASERI,666.0,Jhiri,33244.0,26.397861,77.413778,Jhiri,2.0,Gironiya,26.423,77.37293,4935.86691732,565.0,9.04,Gironiya,100
RAJASTHAN,8.0,DHOLPUR,106.0,BASERI,666.0,Jhiri,33244.0,26.397861,77.413778,Jhiri,2.0,Shankarpur,26.36888,77.42512,3414.85517755,744.0,11.904,Shankarpur,100
RAJASTHAN,8.0,DHOLPUR,106.0,BASERI,666.0,Boreli,33235.0,26.828194,77.674278,Boreli,2.0,Boreli,26.83392,77.66214,1362.3207662,4769.0,76.304,Boreli,163.8
RAJASTHAN,8.0,DHOLPUR,106.0,BARI,665.0,Umreh,33226.0,26.611306,77.566778,Umreh,2.0,Sunipur,26.6368,77.56612,2835.55794932,2599.0,41.584,Sunipur,100
RAJASTHAN,8.0,DHOLPUR,106.0,BARI,665.0,Kasba nagar,33197.0,26.598528,77.800556,Kasba nagar,2.0,Beerpur,26.61496,77.76782,3732.41299988,562.0,8.992,Beerpur,163.8
RAJASTHAN,8.0,DHOLPUR,106.0,BARI,665.0,Rudhera,33218.0,26.585139,77.686417,Rudhera,2.0,Gajpura,26.60873,77.70583,3256.81395869,731.0,11.696,Gajpura,100
RAJASTHAN,8.0,DHOLPUR,106.0,BARI,665.0,Umreh,33226.0,26.611306,77.566778,Umreh,2.0,Salemabad,26.62869,77.59859,3706.36084209,509.0,8.144,Salemabad,100
RAJASTHAN,8.0,DHOLPUR,106.0,BASERI,666.0,Angai,33227.0,26.601972,77.4735,Angai,2.0,Chila Chaund,26.58631,77.50553,3629.82565299,1000.0,16.0,,204.75
RAJASTHAN,8.0,DHOLPUR,106.0,BARI,665.0,Naksauda,33208.0,26.591444,77.549611,Naksauda,2.0,Koyla,26.60134,77.54839,1107.0617163,872.0,13.952,Koyla,163.8
RAJASTHAN,8.0,DHOLPUR,106.0,BARI,665.0,Bijauli,33187.0,26.655639,77.7235,Bijauli,2.0,Bijauli,26.66599,77.72439,1154.37162137,2526.0,40.416,Bijauli,100
RAJASTHAN,8.0,DHOLPUR,106.0,BARI,665.0,Sigorai,33221.0,26.684722,77.593389,Sigorai,2.0,Kuhawani,26.67446,77.59871,1257.60296257,1509.0,24.144,Kuhawani,163.8
RAJASTHAN,8.0,DHOLPUR,106.0,BARI,665.0,Lakhepura,33203.0,26.671444,77.697556,Lakhepura,2.0,Surothi,26.6716,77.6973,30.7885957099,1000.0,16.0,,100
RAJASTHAN,8.0,DHOLPUR,106.0,BARI,665.0,Nidhara,33211.0,26.665056,77.58075,Nidhara,2.0,Rebai,26.67405,77.57232,1304.5402911,1000.0,16.0,,100
RAJASTHAN,8.0,DHOLPUR,106.0,BASERI,666.0,Banora,33230.0,26.70025,77.488583,Banora,2.0,Kankor,26.69216,77.48655,921.959439078,1116.0,17.856,Kankor,100
RAJASTHAN,8.0,DHOLPUR,106.0,BASERI,666.0,Tajpura,33260.0,26.669861,77.458694,Tajpura,2.0,Kharagpura,26.68121,77.4661,1460.82431559,1274.0,20.384,Kharagpura,100
RAJASTHAN,8.0,DHOLPUR,106.0,BASERI,666.0,Tajpura,33260.0,26.669861,77.458694,Tajpura,2.0,Tajpur,26.66084,77.46755,1334.39217077,1423.0,22.768,Tajpur,100
RAJASTHAN,8.0,DHOLPUR,106.0,BASERI,666.0,Nadanpur,33254.0,26.654944,77.403306,Nadanpur,2.0,Nadanpur,26.65197,77.41016,757.175188452,2876.0,46.016,Nadanpur,100
RAJASTHAN,8.0,DHOLPUR,106.0,BASERI,666.0,Tajpura,33260.0,26.669861,77.458694,Tajpura,2.0,Badriya,26.6444,77.454,2869.30545456,2647.0,42.352,Badriya,100
RAJASTHAN,8.0,DHOLPUR,106.0,BASERI,666.0,Nadanpur,33254.0,26.654944,77.403306,Nadanpur,2.0,Madh Piprod,26.63929,77.39393,1974.37348697,1000.0,16.0,,100
RAJASTHAN,8.0,DHOLPUR,106.0,BASERI,666.0,Angai,33227.0,26.601972,77.4735,Angai,2.0,Chilakhur,26.63125,77.48261,3379.18285547,939.0,15.024,Chilakhur,204.75
RAJASTHAN,8.0,DHOLPUR,106.0,BASERI,666.0,Maugulawali,33251.0,26.808778,77.666472,Maugulawali,2.0,Mau Gulawali,26.7947,77.65588,1885.63301058,1000.0,16.0,,163.8
RAJASTHAN,8.0,DHOLPUR,106.0,BASERI,666.0,Atarsooma,33228.0,26.793222,77.60875,Atarsooma,2.0,Chhaharalinagar,26.81054,77.60565,1950.09795945,1000.0,16.0,,184.31
RAJASTHAN,8.0,DHOLPUR,106.0,BARI,665.0,Rudhera,33218.0,26.585139,77.686417,Rudhera,2.0,Rudhera,26.56846,77.68746,1857.51829442,200.0,3.2,Rudhera,100
RAJASTHAN,8.0,DHOLPUR,106.0,BARI,665.0,Naksauda,33208.0,26.591444,77.549611,Naksauda,2.0,Naksauda,26.58032,77.5411,1498.74921665,1022.0,16.352,Naksauda,163.8
RAJASTHAN,8.0,DHOLPUR,106.0,BARI,665.0,Kasba nagar,33197.0,26.598528,77.800556,Kasba nagar,2.0,Rajai Khurd,26.58363,77.80769,1802.0683113,1000.0,16.0,,163.8
RAJASTHAN,8.0,DHOLPUR,106.0,BARI,665.0,Naksauda,33208.0,26.591444,77.549611,Naksauda,2.0,Jamboora,26.57269,77.56709,2714.73313013,221.0,3.536,Jamboora,163.8
RAJASTHAN,8.0,DHOLPUR,106.0,BARI,665.0,Kudinna,33200.0,26.536889,77.636167,Kudinna,2.0,Kudinna,26.53482,77.62791,853.025146493,1234.0,19.744,Kudinna,100
RAJASTHAN,8.0,DHOLPUR,106.0,BARI,665.0,Kasba nagar,33197.0,26.598528,77.800556,Kasba nagar,2.0,Kasba Nagar,26.56234,77.80403,4038.72417225,1000.0,16.0,,163.8
RAJASTHAN,8.0,DHOLPUR,106.0,BARI,665.0,Kudinna,33200.0,26.536889,77.636167,Kudinna,2.0,Narsinghpur,26.54915,77.66875,3516.25736072,90.0,1.44,Narsinghpur,100
RAJASTHAN,8.0,DHOLPUR,106.0,BARI,665.0,Kudinna,33200.0,26.536889,77.636167,Kudinna,2.0,Nayapura,26.54215,77.66096,2534.78452483,612.0,9.792,Nayapura Radhol,100
RAJASTHAN,8.0,DHOLPUR,106.0,BARI,665.0,Kudinna,33200.0,26.536889,77.636167,Kudinna,2.0,Shahpur,26.50324,77.59347,5660.93207021,957.0,15.312,Shahpur,100
RAJASTHAN,8.0,DHOLPUR,106.0,BARI,665.0,Kudinna,33200.0,26.536889,77.636167,Kudinna,2.0,Karua,26.49594,77.64738,4688.01162649,626.0,10.016,Karua,100
RAJASTHAN,8.0,DHOLPUR,106.0,BARI,665.0,Sewar pali,33220.0,26.441111,77.566583,Sewar pali,2.0,Gurja,26.49571,77.57584,6140.65856796,988.0,15.808,Gurja,100
RAJASTHAN,8.0,DHOLPUR,106.0,BARI,665.0,Basai dang,33186.0,26.569806,77.761889,Basai dang,2.0,Basai Dang,26.56904,77.74415,1766.23347018,1000.0,16.0,,100
RAJASTHAN,8.0,DHOLPUR,106.0,BARI,665.0,Garhisukkha,33191.0,26.748333,77.709472,Garhisukkha,2.0,Laloni,26.75068,77.69782,1186.05524896,1809.0,28.944,Laloni,163.8
RAJASTHAN,8.0,DHOLPUR,106.0,BARI,665.0,Garhisukkha,33191.0,26.748333,77.709472,Garhisukkha,2.0,Garhi Sukkha,26.74143,77.71116,785.666818021,1000.0,16.0,,163.8
RAJASTHAN,8.0,DHOLPUR,106.0,BARI,665.0,Pidawali,33215.0,26.739056,77.750528,Pidawali,2.0,Beeloni,26.73564,77.76682,1661.88056238,1657.0,26.512,Beeloni,163.8
RAJASTHAN,8.0,DHOLPUR,106.0,BARI,665.0,Pidawali,33215.0,26.739056,77.750528,Pidawali,2.0,Pidawali,26.74178,77.74555,579.748500714,1732.0,27.712,Pidawali,163.8
RAJASTHAN,8.0,DHOLPUR,106.0,BARI,665.0,Japawali,33194.0,26.729028,77.725833,Japawali,2.0,Nagladulhe Khan,26.72798,77.72806,249.992910329,1000.0,16.0,,163.8
RAJASTHAN,8.0,DHOLPUR,106.0,BARI,665.0,Tontri,33225.0,26.706944,77.616028,Tontri,2.0,Tontri,26.72352,77.60025,2419.3444477,1903.0,30.448,Tontri,163.8
RAJASTHAN,8.0,DHOLPUR,106.0,BARI,665.0,Japawali,33194.0,26.729028,77.725833,Japawali,2.0,Japawali,26.72114,77.72986,963.987647964,1164.0,18.624,Japawali,163.8
RAJASTHAN,8.0,DHOLPUR,106.0,BARI,665.0,Tontri,33225.0,26.706944,77.616028,Tontri,2.0,Puramdari,26.71805,77.62903,1786.87214789,896.0,14.336,Puramdari,163.8
RAJASTHAN,8.0,DHOLPUR,106.0,BARI,665.0,Tontri,33225.0,26.706944,77.616028,Tontri,2.0,Reti,26.71148,77.62085,695.566285756,669.0,10.704,Reti,163.8
RAJASTHAN,8.0,DHOLPUR,106.0,BARI,665.0,Kanchanpur,33195.0,26.707194,77.675056,Kanchanpur,2.0,Rahal,26.71732,77.65879,1969.30332481,1340.0,21.44,Rahal,100
RAJASTHAN,8.0,DHOLPUR,106.0,BARI,665.0,Marholi,33204.0,26.715083,77.749833,Marholi,2.0,Marholi,26.69717,77.74822,1998.26858525,1159.0,18.544,Marholi,163.8
RAJASTHAN,8.0,DHOLPUR,106.0,BARI,665.0,Lakhepura,33203.0,26.671444,77.697556,Lakhepura,2.0,Gaonri,26.69562,77.70178,2720.80864987,1231.0,19.696,Gaonri,100
RAJASTHAN,8.0,DHOLPUR,106.0,BARI,665.0,Rupaspur,33217.0,26.686417,77.658389,Rupaspur,2.0,Ulawti,26.69238,77.67278,1575.98134053,662.0,10.592,Ulawti,100
RAJASTHAN,8.0,DHOLPUR,106.0,BARI,665.0,Marholi,33204.0,26.715083,77.749833,Marholi,2.0,Murawali,26.6851,77.74516,3366.11963531,498.0,7.968,Murawali,163.8
RAJASTHAN,8.0,DHOLPUR,106.0,BARI,665.0,Aligarh,33185.0,26.688944,77.628278,Aligarh,2.0,Aligarh,26.68674,77.63524,733.801748535,2706.0,43.296,Aligarh,163.8
RAJASTHAN,8.0,DHOLPUR,106.0,BARI,665.0,Lakhepura,33203.0,26.671444,77.697556,Lakhepura,2.0,Bainpura Mafi,26.68842,77.71627,2649.59803549,1000.0,16.0,,100
RAJASTHAN,8.0,DHOLPUR,106.0,BARI,665.0,Dheemiri,33190.0,26.671944,77.514972,Dheemiri,2.0,Dheemri,26.67615,77.51229,538.279613227,1052.0,16.832,Dheemri,100
RAJASTHAN,8.0,DHOLPUR,106.0,BARI,665.0,Rupaspur,33217.0,26.686417,77.658389,Rupaspur,2.0,Rupapur,26.67825,77.65177,1121.23399676,1000.0,16.0,,100
RAJASTHAN,8.0,DHOLPUR,106.0,BARI,665.0,Umreh,33226.0,26.611306,77.566778,Umreh,2.0,Tal Umreh,26.63059,77.5648,2153.27931066,1000.0,16.0,,100
RAJASTHAN,8.0,DHOLPUR,106.0,BARI,665.0,Dhanora,33189.0,26.661694,77.670167,Dhanora,2.0,Umri,26.66607,77.64421,2624.83884673,834.0,13.344,Umri,122.85
RAJASTHAN,8.0,DHOLPUR,106.0,BARI,665.0,khanpur maina,33199.0,26.622667,77.651944,khanpur maina,2.0,BARI,26.64657,77.62014,4130.05787571,1000.0,16.0,,100
RAJASTHAN,8.0,DHOLPUR,106.0,BARI,665.0,Bijauli,33187.0,26.655639,77.7235,Bijauli,2.0,Mohri,26.65265,77.71145,1242.77571691,519.0,8.304,Mohri,100
RAJASTHAN,8.0,DHOLPUR,106.0,BARI,665.0,Dhanora,33189.0,26.661694,77.670167,Dhanora,2.0,Paguli,26.64239,77.66897,2149.80062612,514.0,8.224,Paguli,122.85
RAJASTHAN,8.0,DHOLPUR,106.0,BARI,665.0,Basai dang,33186.0,26.569806,77.761889,Basai dang,2.0,Baripura,26.61016,77.74746,4710.95208338,1000.0,16.0,,100
RAJASTHAN,8.0,DHOLPUR,106.0,BARI,665.0,khanpur maina,33199.0,26.622667,77.651944,khanpur maina,2.0,"Talabshahi.no1,2",26.6251,77.65229,272.714787029,1000.0,16.0,,100
RAJASTHAN,8.0,DHOLPUR,106.0,BARI,665.0,Umreh,33226.0,26.611306,77.566778,Umreh,2.0,Sangor,26.62281,77.5895,2595.86760386,1000.0,16.0,,100
RAJASTHAN,8.0,DHOLPUR,106.0,BASERI,666.0,Angai,33227.0,26.601972,77.4735,Angai,2.0,Dhanukapura,26.61933,77.50258,3476.11513234,1000.0,16.0,,204.75
RAJASTHAN,8.0,DHOLPUR,106.0,BARI,665.0,khanpur maina,33199.0,26.622667,77.651944,khanpur maina,2.0,Ahamadpur,26.61333,77.64018,1563.82349881,1666.0,26.656,Ahamadpur,100
RAJASTHAN,8.0,DHOLPUR,106.0,BARI,665.0,saheri,33219.0,26.591667,77.608861,saheri,2.0,Guta Khur,26.59664,77.63776,2926.16584618,1000.0,16.0,,100
RAJASTHAN,8.0,DHOLPUR,106.0,BARI,665.0,Kasba nagar,33197.0,26.598528,77.800556,Kasba nagar,2.0,Rajai Kalan,26.6013,77.80367,436.88228248,1000.0,16.0,,163.8
RAJASTHAN,8.0,DHOLPUR,106.0,BARI,665.0,Umreh,33226.0,26.611306,77.566778,Umreh,2.0,Umreh,26.60983,77.58676,1993.30336391,4.0,0.064,Tal Umreh,100
RAJASTHAN,8.0,DHOLPUR,106.0,BARI,665.0,saheri,33219.0,26.591667,77.608861,saheri,2.0,Talramsagar,26.58707,77.60227,831.145290637,1000.0,16.0,,100
RAJASTHAN,8.0,DHOLPUR,106.0,BARI,665.0,Umreh,33226.0,26.611306,77.566778,Umreh,2.0,Water Body,26.60092,77.57404,1361.98153041,1000.0,16.0,,100
RAJASTHAN,8.0,DHOLPUR,106.0,BARI,665.0,Naksauda,33208.0,26.591444,77.549611,Naksauda,2.0,Nadroli,26.58977,77.56752,1790.45798893,448.0,7.168,Nadroli,163.8
RAJASTHAN,8.0,DHOLPUR,106.0,BARI,665.0,saheri,33219.0,26.591667,77.608861,saheri,2.0,Saheri No.1,26.57776,77.58823,2569.05594573,1000.0,16.0,,100
RAJASTHAN,8.0,DHOLPUR,106.0,BARI,665.0,saheri,33219.0,26.591667,77.608861,saheri,2.0,Saheri No.2,26.56148,77.5834,4204.52213623,1000.0,16.0,,100
RAJASTHAN,8.0,DHOLPUR,106.0,BARI,665.0,Basai dang,33186.0,26.569806,77.761889,Basai dang,2.0,Niyayati,26.53619,77.72991,4908.13529973,500.0,8.0,Niyayati,100
RAJASTHAN,8.0,DHOLPUR,106.0,BARI,665.0,Kudinna,33200.0,26.536889,77.636167,Kudinna,2.0,Gurha Mutawali,26.51705,77.6924,6013.77137792,1000.0,16.0,,100
RAJASTHAN,8.0,DHOLPUR,106.0,BARI,665.0,Basai dang,33186.0,26.569806,77.761889,Basai dang,2.0,Gangoli,26.51815,77.72669,6726.95518939,307.0,4.912,Gangoli,100
RAJASTHAN,8.0,DHOLPUR,106.0,BARI,665.0,Kudinna,33200.0,26.536889,77.636167,Kudinna,2.0,Tor,26.51482,77.65336,2991.29202378,500.0,8.0,Tor,100
RAJASTHAN,8.0,DHOLPUR,106.0,BARI,665.0,Basai dang,33186.0,26.569806,77.761889,Basai dang,2.0,Dhanawali,26.50445,77.72141,8308.3407416,204.0,3.264,Dhanawali,100
RAJASTHAN,8.0,DHOLPUR,106.0,BARI,665.0,Sewar pali,33220.0,26.441111,77.566583,Sewar pali,2.0,Sewarpali,26.45775,77.56315,1881.47503485,1473.0,23.568,Sewarpali,100
RAJASTHAN,8.0,DHOLPUR,106.0,BARI,665.0,Kudinna,33200.0,26.536889,77.636167,Kudinna,2.0,Kharaiti,26.48825,77.62197,5589.84731524,29.0,0.464,Kharaiti,100
RAJASTHAN,8.0,DHOLPUR,106.0,BASERI,666.0,Ekta,33240.0,26.817944,77.649028,Ekta,2.0,Pattipura,26.81866,77.62983,1906.77628859,780.0,12.48,Pattipura,122.85
RAJASTHAN,8.0,DHOLPUR,106.0,BASERI,666.0,Ekta,33240.0,26.817944,77.649028,Ekta,2.0,Dadipura,26.82121,77.62535,2377.55927971,687.0,10.992,Dadipura,122.85
RAJASTHAN,8.0,DHOLPUR,106.0,BASERI,666.0,Bagthar,33229.0,26.798056,77.533583,Bagthar,2.0,Bagthar,26.80054,77.54407,1076.87673559,4524.0,72.384,Bagthar,100
RAJASTHAN,8.0,DHOLPUR,106.0,BASERI,666.0,Jarga,33243.0,26.803139,77.585611,Jarga,2.0,Jarga,26.79679,77.57791,1040.48393179,4618.0,73.888,Jarga,273.0
RAJASTHAN,8.0,DHOLPUR,106.0,BASERI,666.0,Ratanpura,33257.0,26.779861,77.643139,Ratanpura,2.0,Ratanpur,26.78916,77.62775,1844.63202034,2054.0,32.864,Ratanpur,163.8
RAJASTHAN,8.0,DHOLPUR,106.0,BASERI,666.0,Atarsooma,33228.0,26.793222,77.60875,Atarsooma,2.0,Kuiya,26.7963,77.60384,595.521339121,1013.0,16.208,Kuiya,184.31
RAJASTHAN,8.0,DHOLPUR,106.0,BASERI,666.0,Ratanpura,33257.0,26.779861,77.643139,Ratanpura,2.0,Ekta,26.78186,77.64742,479.586571253,1916.0,30.656,Ekta,163.8
RAJASTHAN,8.0,DHOLPUR,106.0,BASERI,666.0,Atarsooma,33228.0,26.793222,77.60875,Atarsooma,2.0,Atarsooma,26.78605,77.60176,1057.06554905,1507.0,24.112,Atarsooma,184.31
RAJASTHAN,8.0,DHOLPUR,106.0,BASERI,666.0,Khidora,33246.0,26.76625,77.557722,Khidora,2.0,Hingota,26.77908,77.5644,1573.14619912,1725.0,27.6,Hingota,100
RAJASTHAN,8.0,DHOLPUR,106.0,BASERI,666.0,Timasiya,33261.0,26.748806,77.541889,Timasiya,2.0,Timasiya,26.75135,77.54719,597.559142184,7860.0,125.76,Timasiya,273.0
RAJASTHAN,8.0,DHOLPUR,106.0,BASERI,666.0,Salempur,33258.0,26.7395,77.577778,Salempur,2.0,Salempur,26.7523,77.60028,2649.21862243,2184.0,34.944,Salempur,100
RAJASTHAN,8.0,DHOLPUR,106.0,BASERI,666.0,Salempur,33258.0,26.7395,77.577778,Salempur,2.0,Jatpura,26.73906,77.59075,1289.10144454,500.0,8.0,Rampur Jatpura,100
RAJASTHAN,8.0,DHOLPUR,106.0,BASERI,666.0,Pipron,33255.0,26.725306,77.494861,Pipron,2.0,Kotra,26.73944,77.48548,1827.00552344,591.0,9.456,Kotra,163.8
RAJASTHAN,8.0,DHOLPUR,106.0,BASERI,666.0,Pipron,33255.0,26.725306,77.494861,Pipron,2.0,Tursipura,26.73082,77.50578,1245.74005835,4508.0,72.128,Tursipura,163.8
RAJASTHAN,8.0,DHOLPUR,106.0,BASERI,666.0,Salempur,33258.0,26.7395,77.577778,Salempur,2.0,Katailpura,26.72451,77.58338,1757.20603229,522.0,8.352,Katailpura,100
RAJASTHAN,8.0,DHOLPUR,106.0,BASERI,666.0,Dhaur,33237.0,26.711972,77.45675,Dhaur,2.0,Dhaur,26.71442,77.45287,471.825950076,3053.0,48.848,Dhaur,100
RAJASTHAN,8.0,DHOLPUR,106.0,BARI,665.0,Khauri ibrahmpur,33193.0,26.699722,77.548917,Khauri ibrahmpur,2.0,Rampur,26.72067,77.55896,2533.93546691,795.0,12.72,Rampur Amarpura,163.8
RAJASTHAN,8.0,DHOLPUR,106.0,BASERI,666.0,Jarga,33243.0,26.803139,77.585611,Jarga,2.0,Pali,26.82106,77.57999,2069.32956309,452.0,7.232,Pali,273.0
RAJASTHAN,8.0,DHOLPUR,106.0,BASERI,666.0,Kunkuta,33247.0,26.811694,77.680389,Kunkuta,2.0,Kunkuta,26.8036,77.67629,987.678784129,2325.0,37.2,Kunkuta,163.8
RAJASTHAN,8.0,DHOLPUR,106.0,BASERI,666.0,Golari,33241.0,26.471667,77.461,Golari,2.0,Golari,26.46657,77.45439,868.399913067,1101.0,17.616,Golari,100
RAJASTHAN,8.0,DHOLPUR,106.0,BASERI,666.0,Kharoli,33245.0,26.494556,77.279583,Kharoli,2.0,Viloni,26.48826,77.26093,1983.96355548,2039.0,32.624,Viloni,100
RAJASTHAN,8.0,DHOLPUR,106.0,BASERI,666.0,Domai,33238.0,26.492972,77.344417,Domai,2.0,Domai,26.46972,77.34193,2597.3260763,1242.0,19.872,Domai,100
RAJASTHAN,8.0,DHOLPUR,106.0,BASERI,666.0,Domai,33238.0,26.492972,77.344417,Domai,2.0,Rijhoni,26.47375,77.32092,3168.18045677,161.0,2.576,Rijhoni,100
RAJASTHAN,8.0,DHOLPUR,106.0,BASERI,666.0,Madanpur,33249.0,26.441694,77.492167,Madanpur,2.0,Gunraich,26.42177,77.50113,2388.44878105,812.0,12.992,Gunraich,100
RAJASTHAN,8.0,DHOLPUR,106.0,BASERI,666.0,Jhiri,33244.0,26.397861,77.413778,Jhiri,2.0,Gulawali,26.4141,77.45048,4076.95880788,2109.0,33.744,Mau Gulawali,100
RAJASTHAN,8.0,DHOLPUR,106.0,BASERI,666.0,Jhiri,33244.0,26.397861,77.413778,Jhiri,2.0,Khushalpur,26.3985,77.36522,4836.90710782,1000.0,16.0,,100
RAJASTHAN,8.0,DHOLPUR,106.0,BASERI,666.0,Jhiri,33244.0,26.397861,77.413778,Jhiri,2.0,Durgasi,26.36975,77.39839,3481.41098042,530.0,8.48,Durgasi,100
RAJASTHAN,8.0,DHOLPUR,106.0,BASERI,666.0,Pipron,33255.0,26.725306,77.494861,Pipron,2.0,Harjoopura,26.70894,77.51402,2633.04051481,3067.0,49.072,Harjoopura,163.8
RAJASTHAN,8.0,DHOLPUR,106.0,BASERI,666.0,Dhaur,33237.0,26.711972,77.45675,Dhaur,2.0,Khanpura,26.69184,77.43456,3141.66840056,811.0,12.976,Khanpura,100
RAJASTHAN,8.0,DHOLPUR,106.0,BASERI,666.0,Angai,33227.0,26.601972,77.4735,Angai,2.0,Jindapura,26.62853,77.46774,3008.11805083,640.0,10.24,Jindapura,204.75
RAJASTHAN,8.0,DHOLPUR,106.0,BASERI,666.0,Angai,33227.0,26.601972,77.4735,Angai,2.0,Noorpur,26.60889,77.461,1461.57084341,1092.0,17.472,Noorpur,204.75
RAJASTHAN,8.0,DHOLPUR,106.0,BASERI,666.0,Rahrai,33256.0,26.579861,77.455944,Rahrai,2.0,Pipret,26.59635,77.45248,1865.56687617,923.0,14.768,Pipret,163.8
RAJASTHAN,8.0,DHOLPUR,106.0,BASERI,666.0,Rahrai,33256.0,26.579861,77.455944,Rahrai,2.0,Kankret,26.58148,77.43656,1935.97604912,1616.0,25.856,Kankret,163.8
RAJASTHAN,8.0,DHOLPUR,106.0,BASERI,666.0,Madasil,33250.0,26.548361,77.329,Madasil,2.0,Khurdiya,26.57391,77.36648,4686.87404409,1010.0,16.16,Khurdiya,163.8
RAJASTHAN,8.0,DHOLPUR,106.0,BASERI,666.0,Rahrai,33256.0,26.579861,77.455944,Rahrai,2.0,Tarwa,26.56884,77.47662,2393.67452835,665.0,10.64,Tarwa,163.8
RAJASTHAN,8.0,DHOLPUR,106.0,BASERI,666.0,Barauli,33231.0,26.549222,77.417056,Barauli,2.0,Barauli,26.55335,77.42637,1033.91869277,3611.0,57.776,Barauli,122.85
RAJASTHAN,8.0,DHOLPUR,106.0,BARI,665.0,Naksauda,33208.0,26.591444,77.549611,Naksauda,2.0,Khidarpur,26.54162,77.54239,5586.52891103,492.0,7.872,Khidarpur,163.8
RAJASTHAN,8.0,DHOLPUR,106.0,BASERI,666.0,Barauli,33231.0,26.549222,77.417056,Barauli,2.0,Gurha,26.53697,77.44384,2992.44012336,675.0,10.8,Gurha,122.85
RAJASTHAN,8.0,DHOLPUR,106.0,BASERI,666.0,Madasil,33250.0,26.548361,77.329,Madasil,2.0,Konesa,26.54291,77.31858,1200.71959964,1497.0,23.952,Konesa,163.8
RAJASTHAN,8.0,DHOLPUR,106.0,BASERI,666.0,Rahrai,33256.0,26.579861,77.455944,Rahrai,2.0,Bidarpur,26.53883,77.50429,6628.55851505,257.0,4.112,Bidarpur,163.8
RAJASTHAN,8.0,DHOLPUR,106.0,BASERI,666.0,Rahrai,33256.0,26.579861,77.455944,Rahrai,2.0,Birja,26.53462,77.48692,5899.05874865,1144.0,18.304,Birja,163.8
RAJASTHAN,8.0,DHOLPUR,106.0,BASERI,666.0,Bijholi,33232.0,26.528083,77.401444,Bijholi,2.0,Khinnot,26.54279,77.37671,2954.45007144,627.0,10.032,Khinnot,273.0
RAJASTHAN,8.0,DHOLPUR,106.0,BASERI,666.0,Barauli,33231.0,26.549222,77.417056,Barauli,2.0,Vateekra,26.53273,77.45446,4148.18715658,964.0,15.424,Vateekra,122.85
RAJASTHAN,8.0,DHOLPUR,106.0,BARI,665.0,Sewar pali,33220.0,26.441111,77.566583,Sewar pali,2.0,Indora,26.51492,77.5513,8346.96108348,272.0,4.352,Indora,100
RAJASTHAN,8.0,DHOLPUR,106.0,BASERI,666.0,Bijholi,33232.0,26.528083,77.401444,Bijholi,2.0,Surari Khurd,26.53879,77.40342,1206.68390442,1000.0,16.0,,273.0
RAJASTHAN,8.0,DHOLPUR,106.0,BASERI,666.0,Kharoli,33245.0,26.494556,77.279583,Kharoli,2.0,Chandpura,26.53315,77.27427,4323.89500502,966.0,15.456,Chandpura,100
RAJASTHAN,8.0,DHOLPUR,106.0,BASERI,666.0,Bijholi,33232.0,26.528083,77.401444,Bijholi,2.0,Sarmathura,26.5102,77.38839,2375.08924444,17988.0,287.808,Sarmathura (CT),273.0
RAJASTHAN,8.0,DHOLPUR,106.0,BASERI,666.0,Kharoli,33245.0,26.494556,77.279583,Kharoli,2.0,Urdupura,26.53164,77.25137,4988.40160957,239.0,3.824,Urdupura,100
RAJASTHAN,8.0,DHOLPUR,106.0,BASERI,666.0,sarmathura,33259.0,26.506583,77.363,sarmathura,2.0,Kota,26.50825,77.35477,839.648159026,775.0,12.4,Kota,100
RAJASTHAN,8.0,DHOLPUR,106.0,BASERI,666.0,Golari,33241.0,26.471667,77.461,Golari,2.0,Mathara,26.50155,77.50213,5272.31196224,407.0,6.512,Mathara,100
RAJASTHAN,8.0,DHOLPUR,106.0,BASERI,666.0,Kharoli,33245.0,26.494556,77.279583,Kharoli,2.0,Kanhaiyapura,26.51607,77.24341,4321.93877542,165.0,2.64,Kanhaiyapura,100
RAJASTHAN,8.0,DHOLPUR,106.0,BASERI,666.0,Kharoli,33245.0,26.494556,77.279583,Kharoli,2.0,Krishnapura,26.51042,77.2642,2335.57628316,237.0,3.792,Krishnapura,100
RAJASTHAN,8.0,DHOLPUR,106.0,BASERI,666.0,Kharoli,33245.0,26.494556,77.279583,Kharoli,2.0,Subhanpura,26.50565,77.2916,1718.07608731,470.0,7.52,Subhanpura,100
RAJASTHAN,8.0,DHOLPUR,106.0,BASERI,666.0,Kharoli,33245.0,26.494556,77.279583,Kharoli,2.0,Lokoopura,26.49846,77.29969,2047.49976556,473.0,7.568,Lokoopura,100
RAJASTHAN,8.0,DHOLPUR,106.0,BASERI,666.0,Chandrawali,33236.0,26.518139,77.326972,Chandrawali,2.0,Gulalpura,26.50069,77.31566,2243.09688562,103.0,1.648,Gulalpura,163.8
RAJASTHAN,8.0,DHOLPUR,106.0,BASERI,666.0,Golari,33241.0,26.471667,77.461,Golari,2.0,Gopalpur,26.48584,77.48365,2750.60691678,987.0,15.792,Gopalpur,100
RAJASTHAN,8.0,DHOLPUR,106.0,BASERI,666.0,Golari,33241.0,26.471667,77.461,Golari,2.0,Jakha,26.48236,77.41311,4912.64904604,1340.0,21.44,Jakha,100
RAJASTHAN,8.0,DHOLPUR,106.0,BASERI,666.0,Madanpur,33249.0,26.441694,77.492167,Madanpur,2.0,Madanpur,26.44845,77.50953,1884.83368544,735.0,11.76,Madanpur,100
RAJASTHAN,8.0,DHOLPUR,106.0,BASERI,666.0,Ekta,33240.0,26.817944,77.649028,Ekta,2.0,Chharboreli,26.83843,77.64554,2304.08192757,500.0,8.0,Chharboreli,122.85
RAJASTHAN,8.0,DHOLPUR,106.0,BASERI,666.0,Boreli,33235.0,26.828194,77.674278,Boreli,2.0,Jageer Boreli,26.83987,77.68129,1472.97894114,1000.0,16.0,,163.8
RAJASTHAN,8.0,DHOLPUR,106.0,BASERI,666.0,Ekta,33240.0,26.817944,77.649028,Ekta,2.0,Narsinghpur,26.83766,77.62995,2896.53040643,90.0,1.44,Narsinghpur,122.85
RAJASTHAN,8.0,DHOLPUR,106.0,BASERI,666.0,Bharli,33234.0,26.801889,77.504778,Bharli,2.0,Patharra,26.82529,77.51324,2734.22391908,151.0,2.416,Patharra,122.85
RAJASTHAN,8.0,DHOLPUR,106.0,BASERI,666.0,Jarga,33243.0,26.803139,77.585611,Jarga,2.0,Ramnagar,26.82613,77.60043,2949.28799008,500.0,8.0,Ramnagar,273.0
RAJASTHAN,8.0,DHOLPUR,106.0,BASERI,666.0,Jarga,33243.0,26.803139,77.585611,Jarga,2.0,Siholi,26.81743,77.59035,1657.22239048,1452.0,23.232,Siholi,273.0
RAJASTHAN,8.0,DHOLPUR,106.0,RAJAKHERA,668.0,kherali,33330.0,26.8125,77.985667,kherali,1.0,Basaiya Laloo,26.81537,77.98479,330.784288266,1000.0,16.0,,100
RAJASTHAN,8.0,DHOLPUR,106.0,RAJAKHERA,668.0,kherali,33330.0,26.8125,77.985667,kherali,1.0,Jagariyapura,26.80882,78.00458,1921.0449616,791.0,12.656,Jagariyapura,100
RAJASTHAN,8.0,DHOLPUR,106.0,RAJAKHERA,668.0,doolhara,33323.0,26.802667,77.949889,doolhara,1.0,Dulhara,26.80205,77.94266,720.743444407,2058.0,32.928,Dulhara,100
RAJASTHAN,8.0,DHOLPUR,106.0,RAJAKHERA,668.0,kherali,33330.0,26.8125,77.985667,kherali,1.0,Tetooka,26.8013,77.97366,1723.65073759,131.0,2.096,Tetooka,100
RAJASTHAN,8.0,DHOLPUR,106.0,DHAULPUR,667.0,Viparpur,33312.0,26.790278,77.882917,Viparpur,1.0,Mugarwara,26.79507,77.87209,1199.5079624,386.0,6.176,Mugarwara,100
RAJASTHAN,8.0,DHOLPUR,106.0,DHAULPUR,667.0,Maniya,33288.0,26.80525,77.917472,Maniya,1.0,Adhannpur,26.79666,77.93249,1770.32373541,1288.0,20.608,Adhannpur,100
RAJASTHAN,8.0,DHOLPUR,106.0,RAJAKHERA,668.0,khudila,33331.0,26.848889,78.116556,khudila,1.0,Dharapura,26.8166,78.12729,3745.01205649,1292.0,20.672,Dharapura,100
RAJASTHAN,8.0,DHOLPUR,106.0,RAJAKHERA,668.0,basai kare,33317.0,26.804611,78.075389,basai kare,1.0,Basai Kare,26.80255,78.09365,1826.79749022,1000.0,16.0,,100
RAJASTHAN,8.0,DHOLPUR,106.0,RAJAKHERA,668.0,basai ghiyaram,33316.0,26.853444,78.16075,basai ghiyaram,1.0,Dagra,26.80681,78.16738,5227.02764053,966.0,15.456,Dagra,100
RAJASTHAN,8.0,DHOLPUR,106.0,RAJAKHERA,668.0,basai kare,33317.0,26.804611,78.075389,basai kare,1.0,Farashpura,26.78229,78.08901,2826.31806989,1551.0,24.816,Farashpura,100
RAJASTHAN,8.0,DHOLPUR,106.0,BASERI,666.0,Bharli,33234.0,26.801889,77.504778,Bharli,2.0,Bharli,26.80466,77.50895,516.12695762,2174.0,34.784,Bharli,122.85
RAJASTHAN,8.0,DHOLPUR,106.0,BASERI,666.0,Atarsooma,33228.0,26.793222,77.60875,Atarsooma,2.0,Alinagar,26.80191,77.60336,1104.29729899,500.0,8.0,Alinagar,184.31
RAJASTHAN,8.0,DHOLPUR,106.0,BASERI,666.0,Domai,33238.0,26.492972,77.344417,Domai,2.0,Dadroni,26.46401,77.36992,4100.52308523,1227.0,19.632,Dadroni,100
RAJASTHAN,8.0,DHOLPUR,106.0,BASERI,666.0,Jhiri,33244.0,26.397861,77.413778,Jhiri,2.0,Jhiri,26.41023,77.41891,1467.27249825,2839.0,45.424,Jhiri,100
RAJASTHAN,8.0,DHOLPUR,106.0,BASERI,666.0,Kharoli,33245.0,26.494556,77.279583,Kharoli,2.0,Kharoli,26.47379,77.28534,2379.10005872,1514.0,24.224,Kharoli,100
RAJASTHAN,8.0,DHOLPUR,106.0,DHAULPUR,667.0,Dubra,33273.0,26.770139,77.88625,Dubra,1.0,Mustfabad,26.76101,77.8932,1227.40790041,1209.0,19.344,Mustfabad,100
RAJASTHAN,8.0,DHOLPUR,106.0,DHAULPUR,667.0,Dubra,33273.0,26.770139,77.88625,Dubra,1.0,Sarkan Khera,26.75533,77.88618,1646.70033457,1000.0,16.0,,100
RAJASTHAN,8.0,DHOLPUR,106.0,RAJAKHERA,668.0,singhawali bareh,33351.0,26.750333,77.980444,singhawali bareh,1.0,Malikpur,26.75305,77.98254,366.862131083,728.0,11.648,Malikpur,100
RAJASTHAN,8.0,DHOLPUR,106.0,DHAULPUR,667.0,Odi,33296.0,26.751778,77.863111,Odi,1.0,Alahpura,26.74326,77.88574,2438.45658713,1080.0,17.28,Alahpura,100
RAJASTHAN,8.0,DHOLPUR,106.0,RAJAKHERA,668.0,sadikpur,33345.0,26.773111,77.963889,sadikpur,1.0,Bahadurpur,26.75457,77.95663,2184.00114837,1634.0,26.144,Bahadurpur,100
RAJASTHAN,8.0,DHOLPUR,106.0,RAJAKHERA,668.0,jatoli,33328.0,26.745806,77.936889,jatoli,1.0,Dagarpur,26.74953,77.9458,976.934350848,728.0,11.648,Dagarpur,100
RAJASTHAN,8.0,DHOLPUR,106.0,DHAULPUR,667.0,Manpur,33289.0,26.804389,77.842083,Manpur,1.0,Dharmpura,26.81309,77.8665,2609.23179954,1000.0,16.0,,100
RAJASTHAN,8.0,DHOLPUR,106.0,DHAULPUR,667.0,Tanda,33310.0,26.834778,77.879139,Tanda,1.0,Japera,26.82267,77.8835,1414.17943247,1000.0,16.0,,100
RAJASTHAN,8.0,DHOLPUR,106.0,RAJAKHERA,668.0,mangrol,33338.0,26.816278,77.952639,mangrol,1.0,Mangrol,26.81468,77.95264,177.68952049,5394.0,86.304,Mangrol,100
RAJASTHAN,8.0,DHOLPUR,106.0,RAJAKHERA,668.0,marena,33339.0,26.801361,78.034722,marena,1.0,Madha Bujurg,26.81229,78.01199,2562.5260344,1000.0,16.0,,100
RAJASTHAN,8.0,DHOLPUR,106.0,BASERI,666.0,Atarsooma,33228.0,26.793222,77.60875,Atarsooma,2.0,Mamodhan,26.76782,77.61661,2930.35847897,1372.0,21.952,Mamodhan,184.31
RAJASTHAN,8.0,DHOLPUR,106.0,BASERI,666.0,Khidora,33246.0,26.76625,77.557722,Khidora,2.0,Sangoli,26.77202,77.54876,1096.93317337,1420.0,22.72,Sangoli,100
RAJASTHAN,8.0,DHOLPUR,106.0,BASERI,666.0,Salempur,33258.0,26.7395,77.577778,Salempur,2.0,Rampur-jatpura,26.74882,77.5933,1857.33624857,1000.0,16.0,,100
RAJASTHAN,8.0,DHOLPUR,106.0,BASERI,666.0,Baseri,33232.0,26.748611,77.541833,Baseri,2.0,Nagla Darwesha,26.75044,77.52577,1607.89179413,1000.0,16.0,,273.0
RAJASTHAN,8.0,DHOLPUR,106.0,BASERI,666.0,Salempur,33258.0,26.7395,77.577778,Salempur,2.0,Rampura-amarpura,26.75098,77.59674,2274.82539319,1000.0,16.0,,100
RAJASTHAN,8.0,DHOLPUR,106.0,BASERI,666.0,Davopura,33239.0,26.751472,77.571833,Davopura,2.0,Daupura,26.75254,77.57534,367.913744844,1000.0,16.0,,100
RAJASTHAN,8.0,DHOLPUR,106.0,BASERI,666.0,Salempur,33258.0,26.7395,77.577778,Salempur,2.0,Salempur Rawatpati,26.73816,77.5679,992.181640572,1000.0,16.0,,100
RAJASTHAN,8.0,DHOLPUR,106.0,BASERI,666.0,Baseri,33232.0,26.748611,77.541833,Baseri,2.0,Baseri,26.7361,77.5206,2526.05567813,10742.0,171.872,Baseri,273.0
RAJASTHAN,8.0,DHOLPUR,106.0,BARI,665.0,Khauri ibrahmpur,33193.0,26.699722,77.548917,Khauri ibrahmpur,2.0,Barai,26.71743,77.52682,2948.68913368,1605.0,25.68,Barai,163.8
RAJASTHAN,8.0,DHOLPUR,106.0,BARI,665.0,Khauri ibrahmpur,33193.0,26.699722,77.548917,Khauri ibrahmpur,2.0,Mohari,26.7149,77.54065,1876.89101716,1043.0,16.688,Mohari,163.8
RAJASTHAN,8.0,DHOLPUR,106.0,BASERI,666.0,Pipron,33255.0,26.725306,77.494861,Pipron,2.0,Pipron,26.71808,77.50071,991.499292368,1905.0,30.48,Pipron,163.8
RAJASTHAN,8.0,DHOLPUR,106.0,BASERI,666.0,Banora,33230.0,26.70025,77.488583,Banora,2.0,Banora,26.70225,77.49525,698.623066721,305.0,4.88,Banora,100
RAJASTHAN,8.0,DHOLPUR,106.0,BASERI,666.0,Nadanpur,33254.0,26.654944,77.403306,Nadanpur,2.0,Bansrai,26.68542,77.4108,3469.62392563,1329.0,21.264,Bansrai,100
RAJASTHAN,8.0,DHOLPUR,106.0,BASERI,666.0,Nadanpur,33254.0,26.654944,77.403306,Nadanpur,2.0,Barman,26.68359,77.37541,4222.49295953,255.0,4.08,Barman,100
RAJASTHAN,8.0,DHOLPUR,106.0,BASERI,666.0,Nadanpur,33254.0,26.654944,77.403306,Nadanpur,2.0,Pohai,26.64106,77.42516,2664.71292204,711.0,11.376,Pohai,100
RAJASTHAN,8.0,DHOLPUR,106.0,BASERI,666.0,Leelauti,33248.0,26.610694,77.424194,Leelauti,2.0,Water Body,26.62148,77.44641,2513.16863966,1000.0,16.0,,100
RAJASTHAN,8.0,DHOLPUR,106.0,BASERI,666.0,Leelauti,33248.0,26.610694,77.424194,Leelauti,2.0,Digori,26.61926,77.41217,1528.42176055,326.0,5.216,Digori,100
RAJASTHAN,8.0,DHOLPUR,106.0,BASERI,666.0,Leelauti,33248.0,26.610694,77.424194,Leelauti,2.0,Kurgawan,26.62037,77.43223,1340.07771423,1023.0,16.368,Kurgawan,100
RAJASTHAN,8.0,DHOLPUR,106.0,BASERI,666.0,Leelauti,33248.0,26.610694,77.424194,Leelauti,2.0,Bharkunjra,26.61559,77.40125,2345.02380961,862.0,13.792,Bharkunjra,100
RAJASTHAN,8.0,DHOLPUR,106.0,BASERI,666.0,Angai,33227.0,26.601972,77.4735,Angai,2.0,Angai,26.59981,77.48141,822.371991189,1493.0,23.888,Angai,204.75
RAJASTHAN,8.0,DHOLPUR,106.0,BASERI,666.0,Angai,33227.0,26.601972,77.4735,Angai,2.0,Salempur Pati,26.61687,77.46636,1802.25841091,1000.0,16.0,,204.75
RAJASTHAN,8.0,DHOLPUR,106.0,BASERI,666.0,Leelauti,33248.0,26.610694,77.424194,Leelauti,2.0,Leelothi,26.59668,77.4222,1570.84580842,1000.0,16.0,,100
RAJASTHAN,8.0,DHOLPUR,106.0,BASERI,666.0,Rahrai,33256.0,26.579861,77.455944,Rahrai,2.0,Rahrai,26.57025,77.45107,1173.47638019,1856.0,29.696,Rahrai,163.8
RAJASTHAN,8.0,DHOLPUR,106.0,BASERI,666.0,Barauli,33231.0,26.549222,77.417056,Barauli,2.0,Surarikalan,26.55614,77.40878,1126.66468704,1000.0,16.0,,122.85
RAJASTHAN,8.0,DHOLPUR,106.0,BASERI,666.0,Chandrawali,33236.0,26.518139,77.326972,Chandrawali,2.0,Baragaon,26.53175,77.3024,2875.25183043,2340.0,37.44,Baragaon,163.8
RAJASTHAN,8.0,DHOLPUR,106.0,BASERI,666.0,Barauli,33231.0,26.549222,77.417056,Barauli,2.0,Soni,26.52436,77.46627,5622.42777883,527.0,8.432,Soni,122.85
RAJASTHAN,8.0,DHOLPUR,106.0,BASERI,666.0,Bijholi,33232.0,26.528083,77.401444,Bijholi,2.0,Bijholi,26.51925,77.41726,1854.93348472,1140.0,18.24,Bijholi,273.0
RAJASTHAN,8.0,DHOLPUR,106.0,BASERI,666.0,Chandrawali,33236.0,26.518139,77.326972,Chandrawali,2.0,Chandrawali,26.50856,77.33679,1445.28288698,1410.0,22.56,Chandrawali,163.8
RAJASTHAN,8.0,DHOLPUR,106.0,BASERI,666.0,Golari,33241.0,26.471667,77.461,Golari,2.0,Thoomri,26.50666,77.44264,4298.71379889,500.0,8.0,Thoomri,100
RAJASTHAN,8.0,DHOLPUR,106.0,BASERI,666.0,Kharoli,33245.0,26.494556,77.279583,Kharoli,2.0,Medhari,26.50709,77.2762,1433.79880693,239.0,3.824,Medhari,100
RAJASTHAN,8.0,DHOLPUR,106.0,RAJAKHERA,668.0,shahpura,33346.0,26.885028,78.005722,shahpura,1.0,Shahpura,26.90028,78.01368,1870.57628856,2450.0,39.2,Shahpura,100
RAJASTHAN,8.0,DHOLPUR,106.0,RAJAKHERA,668.0,shahpura,33346.0,26.885028,78.005722,shahpura,1.0,Inchhapura,26.89187,77.99753,1113.03705259,1542.0,24.672,Inchhapura,100
RAJASTHAN,8.0,DHOLPUR,106.0,RAJAKHERA,668.0,shahpura,33346.0,26.885028,78.005722,shahpura,1.0,Tihaiyapura,26.89065,78.01802,1370.51986765,655.0,10.48,Tihaiyapura,100
RAJASTHAN,8.0,DHOLPUR,106.0,RAJAKHERA,668.0,jasoopura,33327.0,26.874639,77.983667,jasoopura,1.0,Kusaida,26.87713,77.96569,1804.42623356,1357.0,21.712,Kusaida Khurd,100
RAJASTHAN,8.0,DHOLPUR,106.0,RAJAKHERA,668.0,chilpura,33320.0,26.7275,78.071944,chilpura,1.0,Berkhera,26.68391,78.08647,5057.20183085,500.0,8.0,Berkhera,100
RAJASTHAN,8.0,DHOLPUR,106.0,RAJAKHERA,668.0,sikroda,33349.0,26.934436,78.129639,sikroda,1.0,Sikroda,26.93913,78.13462,718.499311768,823.0,13.168,Sikroda,100
RAJASTHAN,8.0,DHOLPUR,106.0,RAJAKHERA,668.0,bajana,33315.0,26.915972,78.23,bajana,1.0,Didwar,26.92483,78.20165,2978.35553345,1677.0,26.832,Didwar,100
RAJASTHAN,8.0,DHOLPUR,106.0,RAJAKHERA,668.0,bajana,33315.0,26.915972,78.23,bajana,1.0,Bilheta,26.92299,78.21739,1473.78989843,502.0,8.032,Bilheta,100
RAJASTHAN,8.0,DHOLPUR,106.0,RAJAKHERA,668.0,bajana,33315.0,26.915972,78.23,bajana,1.0,Bajna,26.92252,78.2337,815.296853091,2485.0,39.76,Bajna,100
RAJASTHAN,8.0,DHOLPUR,106.0,RAJAKHERA,668.0,devkhera,33321.0,26.892389,78.193472,devkhera,1.0,RAJAKHERA,26.90402,78.16126,3446.1869656,1000.0,16.0,,100
RAJASTHAN,8.0,DHOLPUR,106.0,RAJAKHERA,668.0,sikroda,33349.0,26.934436,78.129639,sikroda,1.0,Bidar,26.91787,78.11769,2190.09402075,1300.0,20.8,Kachhiyara Bidar,100
RAJASTHAN,8.0,DHOLPUR,106.0,RAJAKHERA,668.0,sikroda,33349.0,26.934436,78.129639,sikroda,1.0,Dongarpur,26.91451,78.1316,2224.18346221,969.0,15.504,Dongarpur,100
RAJASTHAN,8.0,DHOLPUR,106.0,RAJAKHERA,668.0,nagar,33341.0,26.891056,78.0835,nagar,1.0,Nagar,26.8894,78.08087,319.273108638,204.0,3.264,Pohap Nagar,100
RAJASTHAN,8.0,DHOLPUR,106.0,RAJAKHERA,668.0,bajana,33315.0,26.915972,78.23,bajana,1.0,Nadora,26.90358,78.21497,2029.69634644,1629.0,26.064,Nadora,100
RAJASTHAN,8.0,DHOLPUR,106.0,RAJAKHERA,668.0,marena,33339.0,26.801361,78.034722,marena,1.0,Pahi,26.82227,78.0281,2416.06749545,1000.0,16.0,,100
RAJASTHAN,8.0,DHOLPUR,106.0,RAJAKHERA,668.0,basai kare,33317.0,26.804611,78.075389,basai kare,1.0,Siholi,26.81234,78.10083,2667.11678188,1452.0,23.232,Siholi,100
RAJASTHAN,8.0,DHOLPUR,106.0,RAJAKHERA,668.0,shahpura,33346.0,26.885028,78.005722,shahpura,1.0,Radhepura,26.8873,78.0281,2233.68227732,733.0,11.728,Radhepura,100
RAJASTHAN,8.0,DHOLPUR,106.0,DHAULPUR,667.0,Bothpura,33269.0,26.88125,77.891167,Bothpura,1.0,Bothpura,26.87664,77.89921,948.221530195,1712.0,27.392,Bothpura,100
RAJASTHAN,8.0,DHOLPUR,106.0,DHAULPUR,667.0,Baretha,33264.0,26.895889,77.916389,Baretha,1.0,Bagcholi Khar,26.87859,77.92347,2047.74247609,1000.0,16.0,,100
RAJASTHAN,8.0,DHOLPUR,106.0,RAJAKHERA,668.0,shahpura,33346.0,26.885028,78.005722,shahpura,1.0,Khoobipura,26.87364,78.02752,2505.5036786,577.0,9.232,Khoobipura,100
RAJASTHAN,8.0,DHOLPUR,106.0,RAJAKHERA,668.0,shahpura,33346.0,26.885028,78.005722,shahpura,1.0,Piluya,26.87836,78.01336,1060.00012084,280.0,4.48,Piluya,100
RAJASTHAN,8.0,DHOLPUR,106.0,RAJAKHERA,668.0,jasoopura,33327.0,26.874639,77.983667,jasoopura,1.0,Jasoopura,26.87612,77.99189,832.057393504,2179.0,34.864,Jasoopura,100
RAJASTHAN,8.0,DHOLPUR,106.0,RAJAKHERA,668.0,bintipura,33319.0,26.8445,78.011417,bintipura,1.0,Kailashpura,26.86111,78.00591,1926.05352271,1529.0,24.464,Kailashpura,100
RAJASTHAN,8.0,DHOLPUR,106.0,RAJAKHERA,668.0,bintipura,33319.0,26.8445,78.011417,bintipura,1.0,Bintipura,26.86334,78.021,2300.52848423,1164.0,18.624,Bintipura,100
RAJASTHAN,8.0,DHOLPUR,106.0,RAJAKHERA,668.0,kotpura,33332.0,26.856778,77.976083,kotpura,1.0,Kotpura,26.8567,77.9867,1053.25610236,611.0,9.776,Kotpura,100
RAJASTHAN,8.0,DHOLPUR,106.0,DHAULPUR,667.0,Bothpura,33269.0,26.88125,77.891167,Bothpura,1.0,Darupura,26.85828,77.89648,2607.94822746,389.0,6.224,Darupura,100
RAJASTHAN,8.0,DHOLPUR,106.0,DHAULPUR,667.0,Hinota,33277.0,26.8385,77.9205,Hinota,1.0,Hinota,26.84366,77.9076,1402.5993054,957.0,15.312,Hinota,100
RAJASTHAN,8.0,DHOLPUR,106.0,RAJAKHERA,668.0,jalalpur,33326.0,26.8405,77.934306,jalalpur,1.0,Bichola,26.83998,77.95202,1758.45920259,1606.0,25.696,Bichola,100
RAJASTHAN,8.0,DHOLPUR,106.0,RAJAKHERA,668.0,kotpura,33332.0,26.856778,77.976083,kotpura,1.0,Moredha,26.84098,77.96306,2180.61451186,816.0,13.056,Moredha,100
RAJASTHAN,8.0,DHOLPUR,106.0,RAJAKHERA,668.0,jalalpur,33326.0,26.8405,77.934306,jalalpur,1.0,Jalalpur,26.84576,77.93005,721.378697544,1417.0,22.672,Jalalpur,100
RAJASTHAN,8.0,DHOLPUR,106.0,DHAULPUR,667.0,Sarani khera,33307.0,26.701222,77.802917,Sarani khera,1.0,Khera,26.70077,77.80467,181.246632689,962.0,15.392,Khera,100
RAJASTHAN,8.0,DHOLPUR,106.0,DHAULPUR,667.0,Sarani khera,33307.0,26.701222,77.802917,Sarani khera,1.0,Mirzapur,26.70613,77.7892,1467.80877631,938.0,15.008,Mirzapur,100
RAJASTHAN,8.0,DHOLPUR,106.0,RAJAKHERA,668.0,tagawali,33353.0,26.715667,77.929639,tagawali,1.0,Samola,26.70742,77.92772,936.625110925,1270.0,20.32,Samola,100
RAJASTHAN,8.0,DHOLPUR,106.0,DHAULPUR,667.0,Sarani khera,33307.0,26.701222,77.802917,Sarani khera,1.0,Shahpur,26.70399,77.78116,2183.06161333,957.0,15.312,Shahpur,100
RAJASTHAN,8.0,DHOLPUR,106.0,RAJAKHERA,668.0,bhesena,33318.0,26.716222,77.947139,bhesena,1.0,Tighara,26.70275,77.98772,4300.27086313,845.0,13.52,Tighara,100
RAJASTHAN,8.0,DHOLPUR,106.0,DHAULPUR,667.0,Sarani khera,33307.0,26.701222,77.802917,Sarani khera,1.0,Chandpur,26.68897,77.8111,1586.46327172,1775.0,28.4,Chandpur,100
RAJASTHAN,8.0,DHOLPUR,106.0,DHAULPUR,667.0,Sarani khera,33307.0,26.701222,77.802917,Sarani khera,1.0,Nagla Bhagat,26.69071,77.79182,1606.72394257,1000.0,16.0,,100
RAJASTHAN,8.0,DHOLPUR,106.0,DHAULPUR,667.0,Purani chhawani,33300.0,26.694694,77.855667,Purani chhawani,1.0,Surajpura,26.67958,77.82953,3093.09997056,1362.0,21.792,Surajpura,100
RAJASTHAN,8.0,DHOLPUR,106.0,DHAULPUR,667.0,Tanda,33310.0,26.834778,77.879139,Tanda,1.0,Durgpura,26.84412,77.8848,1180.90519641,953.0,15.248,Durgpura,100
RAJASTHAN,8.0,DHOLPUR,106.0,DHAULPUR,667.0,Hinota,33277.0,26.8385,77.9205,Hinota,1.0,Ladampur,26.8381,77.92474,423.026864541,1373.0,21.968,Ladampur,100
RAJASTHAN,8.0,DHOLPUR,106.0,DHAULPUR,667.0,Tanda,33310.0,26.834778,77.879139,Tanda,1.0,Bhondiya,26.83621,77.89265,1349.98415003,929.0,14.864,Bhondiya,100
RAJASTHAN,8.0,DHOLPUR,106.0,DHAULPUR,667.0,Hinota,33277.0,26.8385,77.9205,Hinota,1.0,Phoolpur,26.83348,77.9046,1673.43243165,938.0,15.008,Phoolpur,100
RAJASTHAN,8.0,DHOLPUR,106.0,RAJAKHERA,668.0,mangrol,33338.0,26.816278,77.952639,mangrol,1.0,Parsoda,26.82369,77.96766,1703.26633185,887.0,14.192,Parsoda,100
RAJASTHAN,8.0,DHOLPUR,106.0,DHAULPUR,667.0,Maniya,33288.0,26.80525,77.917472,Maniya,1.0,Bhanpur,26.81738,77.92816,1715.89849572,209.0,3.344,Bhanpur,100
RAJASTHAN,8.0,DHOLPUR,106.0,DHAULPUR,667.0,Virondha,33313.0,26.778056,77.925389,Virondha,1.0,Birodha,26.77906,77.92552,112.394558986,1000.0,16.0,,100
RAJASTHAN,8.0,DHOLPUR,106.0,RAJAKHERA,668.0,madabhau,33336.0,26.794444,77.993389,madabhau,1.0,Bagcholi Lodha,26.79441,77.97896,1432.16823557,1000.0,16.0,,100
RAJASTHAN,8.0,DHOLPUR,106.0,DHAULPUR,667.0,Viparpur,33312.0,26.790278,77.882917,Viparpur,1.0,Beelpur,26.78663,77.89578,1339.68295067,2667.0,42.672,Beelpur,100
RAJASTHAN,8.0,DHOLPUR,106.0,RAJAKHERA,668.0,sadikpur,33345.0,26.773111,77.963889,sadikpur,1.0,Sadikpur,26.7751,77.96419,223.176185189,1980.0,31.68,Sadikpur,100
RAJASTHAN,8.0,DHOLPUR,106.0,RAJAKHERA,668.0,madabhau,33336.0,26.794444,77.993389,madabhau,1.0,Tor Shankra,26.79187,78.0037,1062.70726111,1000.0,16.0,,100
RAJASTHAN,8.0,DHOLPUR,106.0,RAJAKHERA,668.0,sadikpur,33345.0,26.773111,77.963889,sadikpur,1.0,Mirjapur,26.78308,77.95444,1452.11172088,443.0,7.088,Mirjapur,100
RAJASTHAN,8.0,DHOLPUR,106.0,RAJAKHERA,668.0,madabhau,33336.0,26.794444,77.993389,madabhau,1.0,Jahanpur,26.7886,77.98218,1288.45708438,492.0,7.872,Jahanpur,100
RAJASTHAN,8.0,DHOLPUR,106.0,RAJAKHERA,668.0,madabhau,33336.0,26.794444,77.993389,madabhau,1.0,Ratanpur,26.78715,78.00086,1098.96741728,2054.0,32.864,Ratanpur,100
RAJASTHAN,8.0,DHOLPUR,106.0,DHAULPUR,667.0,Viparpur,33312.0,26.790278,77.882917,Viparpur,1.0,Biparpur,26.78594,77.87905,616.450139876,1505.0,24.08,Biparpur,100
RAJASTHAN,8.0,DHOLPUR,106.0,RAJAKHERA,668.0,sadikpur,33345.0,26.773111,77.963889,sadikpur,1.0,Dogarpur,26.78225,77.97386,1418.60501761,1690.0,27.04,Dogarpur,100
RAJASTHAN,8.0,DHOLPUR,106.0,RAJAKHERA,668.0,madabhau,33336.0,26.794444,77.993389,madabhau,1.0,Sahajpur,26.77822,77.99627,1826.55254596,1509.0,24.144,Sahajpur,100
RAJASTHAN,8.0,DHOLPUR,106.0,DHAULPUR,667.0,Dubra,33273.0,26.770139,77.88625,Dubra,1.0,Sakatpur,26.77479,77.89558,1060.83772444,708.0,11.328,Sakatpur,100
RAJASTHAN,8.0,DHOLPUR,106.0,DHAULPUR,667.0,Dubra,33273.0,26.770139,77.88625,Dubra,1.0,Nekpur,26.7756,77.86617,2083.87269157,1177.0,18.832,Nekpur,100
RAJASTHAN,8.0,DHOLPUR,106.0,RAJAKHERA,668.0,singhawali bareh,33351.0,26.750333,77.980444,singhawali bareh,1.0,Pathrora Khurd,26.76289,78.00186,2543.82423003,1000.0,16.0,,100
RAJASTHAN,8.0,DHOLPUR,106.0,DHAULPUR,667.0,Dubra,33273.0,26.770139,77.88625,Dubra,1.0,Edalpur,26.75824,77.9033,2148.50295647,1333.0,21.328,Edalpur,100
RAJASTHAN,8.0,DHOLPUR,106.0,DHAULPUR,667.0,Odi,33296.0,26.751778,77.863111,Odi,1.0,Bhojpur,26.76433,77.86059,1417.9855327,1001.0,16.016,Bhojpur,100
RAJASTHAN,8.0,DHOLPUR,106.0,RAJAKHERA,668.0,jatoli,33328.0,26.745806,77.936889,jatoli,1.0,Bahwalpur,26.74598,77.93285,401.532308362,634.0,10.144,Bahwalpur,100
RAJASTHAN,8.0,DHOLPUR,106.0,DHAULPUR,667.0,Odi,33296.0,26.751778,77.863111,Odi,1.0,Kajeepura,26.74225,77.86702,1128.330454,875.0,14.0,Kajeepura,100
RAJASTHAN,8.0,DHOLPUR,106.0,RAJAKHERA,668.0,kasimpur,33329.0,26.731667,77.95325,kasimpur,1.0,Kasimpur,26.72804,77.95501,439.551531711,2454.0,39.264,Kasimpur,100
RAJASTHAN,8.0,DHOLPUR,106.0,RAJAKHERA,668.0,jatoli,33328.0,26.745806,77.936889,jatoli,1.0,Salempur,26.73388,77.93683,1326.12363778,2184.0,34.944,Salempur,100
RAJASTHAN,8.0,DHOLPUR,106.0,RAJAKHERA,668.0,luhari,33334.0,26.74,77.922806,luhari,1.0,Kharagpura,26.73363,77.92361,712.7974606,1274.0,20.384,Kharagpura,100
RAJASTHAN,8.0,DHOLPUR,106.0,RAJAKHERA,668.0,kasimpur,33329.0,26.731667,77.95325,kasimpur,1.0,Sundarpur,26.72054,77.97498,2487.63799301,1210.0,19.36,Sundarpur,100
RAJASTHAN,8.0,DHOLPUR,106.0,DHAULPUR,667.0,Odi,33296.0,26.751778,77.863111,Odi,1.0,Dariyapur,26.73433,77.88961,3269.28403106,1429.0,22.864,Dariyapur,100
RAJASTHAN,8.0,DHOLPUR,106.0,DHAULPUR,667.0,Odi,33296.0,26.751778,77.863111,Odi,1.0,Firozpur,26.72837,77.87903,3045.29065345,1807.0,28.912,Firozpur,100
RAJASTHAN,8.0,DHOLPUR,106.0,DHAULPUR,667.0,Pachgaon,33297.0,26.714583,77.847639,Pachgaon,1.0,Tal Ondela,26.73014,77.8629,2299.95124978,1000.0,16.0,,100
RAJASTHAN,8.0,DHOLPUR,106.0,RAJAKHERA,668.0,tagawali,33353.0,26.715667,77.929639,tagawali,1.0,Sanda,26.72426,77.91166,2025.25804967,1056.0,16.896,Sanda,100
RAJASTHAN,8.0,DHOLPUR,106.0,RAJAKHERA,668.0,bhesena,33318.0,26.716222,77.947139,bhesena,1.0,Bhaisena,26.71712,77.93971,744.602340069,2426.0,38.816,Bhaisena,100
RAJASTHAN,8.0,DHOLPUR,106.0,RAJAKHERA,668.0,tagawali,33353.0,26.715667,77.929639,tagawali,1.0,Bhaisakh,26.7187,77.92038,979.524995222,1511.0,24.176,Bhaisakh,100
RAJASTHAN,8.0,DHOLPUR,106.0,DHAULPUR,667.0,Basai Samantha,33267.0,26.717611,77.820056,Basai Samantha,1.0,Bhagirathpura,26.72174,77.82396,600.953206134,1389.0,22.224,Bhagirathpura,100
RAJASTHAN,8.0,DHOLPUR,106.0,DHAULPUR,667.0,Sarani khera,33307.0,26.701222,77.802917,Sarani khera,1.0,Baghpura,26.71574,77.79621,1746.39463493,387.0,6.192,Baghpura,100
RAJASTHAN,8.0,DHOLPUR,106.0,DHAULPUR,667.0,Basai Samantha,33267.0,26.717611,77.820056,Basai Samantha,1.0,Basai Samanta,26.7139,77.82121,428.267747861,1000.0,16.0,,100
RAJASTHAN,8.0,DHOLPUR,106.0,DHAULPUR,667.0,Pachgaon,33297.0,26.714583,77.847639,Pachgaon,1.0,Narpura,26.70732,77.8356,1442.98870451,808.0,12.928,Narpura,100
RAJASTHAN,8.0,DHOLPUR,106.0,RAJAKHERA,668.0,diholi,33322.0,26.676361,78.024583,diholi,1.0,Shahanpur,26.68658,77.97962,4609.52766538,452.0,7.232,Shahanpur,100
RAJASTHAN,8.0,DHOLPUR,106.0,DHAULPUR,667.0,Vishnoda,33314.0,26.663083,77.794306,Vishnoda,1.0,Sandra,26.67416,77.76074,3555.47320295,739.0,11.824,Sandra,100
RAJASTHAN,8.0,DHOLPUR,106.0,DHAULPUR,667.0,Vishnoda,33314.0,26.663083,77.794306,Vishnoda,1.0,Bishnoda,26.66902,77.79356,664.313110833,1653.0,26.448,Bishnoda,100
RAJASTHAN,8.0,DHOLPUR,106.0,RAJAKHERA,668.0,bhesena,33318.0,26.716222,77.947139,bhesena,1.0,Gher,26.67345,77.94894,4759.3935318,400.0,6.4,Gher,100
RAJASTHAN,8.0,DHOLPUR,106.0,RAJAKHERA,668.0,pharaspura,33343.0,26.781333,78.05675,pharaspura,1.0,Dabhera,26.77566,78.06789,1273.12961304,161.0,2.576,Dabhera,100
RAJASTHAN,8.0,DHOLPUR,106.0,RAJAKHERA,668.0,lalpur,33333.0,26.751056,78.024944,lalpur,1.0,Rahsena,26.75382,78.01252,1271.32068275,1397.0,22.352,Rahsena,100
RAJASTHAN,8.0,DHOLPUR,106.0,RAJAKHERA,668.0,singhawali kalan,33352.0,26.935472,78.1725,singhawali kalan,1.0,Dirawali,26.92891,78.18562,1491.3422152,1212.0,19.392,Dirawali,100
RAJASTHAN,8.0,DHOLPUR,106.0,RAJAKHERA,668.0,silawat,33350.0,26.919556,78.253222,silawat,1.0,Silawat,26.91286,78.25884,929.861530582,791.0,12.656,Silawat,100
RAJASTHAN,8.0,DHOLPUR,106.0,DHAULPUR,667.0,Basai nabab,33265.0,26.900694,77.779972,Basai nabab,1.0,Basai Nawab,26.91258,77.77813,1334.22380876,1000.0,16.0,,100
RAJASTHAN,8.0,DHOLPUR,106.0,DHAULPUR,667.0,Bhadiyana,33268.0,26.905556,77.824028,Bhadiyana,1.0,Nagla Harlal,26.92035,77.80983,2165.14924363,1000.0,16.0,,100
RAJASTHAN,8.0,DHOLPUR,106.0,DHAULPUR,667.0,Bhadiyana,33268.0,26.905556,77.824028,Bhadiyana,1.0,Bhadiyana,26.91055,77.82096,633.175341074,2564.0,41.024,Bhadiyana,100
RAJASTHAN,8.0,DHOLPUR,106.0,DHAULPUR,667.0,Malonipanwar,33287.0,26.903056,77.739167,Malonipanwar,1.0,Maloni Panwar,26.90564,77.73706,355.258489326,1000.0,16.0,,100
RAJASTHAN,8.0,DHOLPUR,106.0,DHAULPUR,667.0,Chitaura,33270.0,26.831694,77.806361,Chitaura,1.0,Bahrawati,26.83424,77.82683,2050.61439422,2642.0,42.272,Bahrawati,100
RAJASTHAN,8.0,DHOLPUR,106.0,DHAULPUR,667.0,Rajaura kalan,33302.0,26.845194,77.756333,Rajaura kalan,1.0,Bala-ka-nagla,26.84296,77.77214,1587.80270393,1000.0,16.0,,100
RAJASTHAN,8.0,DHOLPUR,106.0,DHAULPUR,667.0,Kookra makara,33283.0,26.824833,77.723194,Kookra makara,1.0,Rohai,26.81715,77.72792,974.567975855,117.0,1.872,Rohai,100
RAJASTHAN,8.0,DHOLPUR,106.0,DHAULPUR,667.0,Manpur,33289.0,26.804389,77.842083,Manpur,1.0,Thekooli,26.81613,77.85512,1838.04238945,717.0,11.472,Thekooli,100
RAJASTHAN,8.0,DHOLPUR,106.0,DHAULPUR,667.0,Basai Neem,33266.0,26.655806,77.887083,Basai Neem,1.0,Beechhiya,26.65889,77.84763,3935.63140236,1032.0,16.512,Beechhiya,100
RAJASTHAN,8.0,DHOLPUR,106.0,DHAULPUR,667.0,Kotra,33284.0,26.636306,77.808417,Kotra,1.0,Garwapura,26.6482,77.81832,1648.60098328,291.0,4.656,Garwapura,100
RAJASTHAN,8.0,DHOLPUR,106.0,DHAULPUR,667.0,Vishnoda,33314.0,26.663083,77.794306,Vishnoda,1.0,Khanpura,26.65443,77.76403,3158.76306117,811.0,12.976,Khanpura,100
RAJASTHAN,8.0,DHOLPUR,106.0,DHAULPUR,667.0,Kotra,33284.0,26.636306,77.808417,Kotra,1.0,Kotra,26.64399,77.79728,1398.31715922,591.0,9.456,Kotra,100
RAJASTHAN,8.0,DHOLPUR,106.0,DHAULPUR,667.0,Vishnoda,33314.0,26.663083,77.794306,Vishnoda,1.0,Kookpur,26.63916,77.77578,3235.11723499,732.0,11.712,Kookpur,100
RAJASTHAN,8.0,DHOLPUR,106.0,DHAULPUR,667.0,Kotra,33284.0,26.636306,77.808417,Kotra,1.0,Sahraun,26.63193,77.80186,813.345672003,566.0,9.056,Sahraun,100
RAJASTHAN,8.0,DHOLPUR,106.0,DHAULPUR,667.0,Baretha,33264.0,26.895889,77.916389,Baretha,1.0,Baretha,26.90157,77.92083,770.055647004,1000.0,16.0,,100
RAJASTHAN,8.0,DHOLPUR,106.0,RAJAKHERA,668.0,jasoopura,33327.0,26.874639,77.983667,jasoopura,1.0,Pati,26.89797,77.96632,3112.8916977,921.0,14.736,Salempur Pati,100
RAJASTHAN,8.0,DHOLPUR,106.0,DHAULPUR,667.0,Baretha,33264.0,26.895889,77.916389,Baretha,1.0,Shijroli,26.89528,77.94427,2765.71089581,1230.0,19.68,Shijroli,100
RAJASTHAN,8.0,DHOLPUR,106.0,DHAULPUR,667.0,Baretha,33264.0,26.895889,77.916389,Baretha,1.0,Baragaon,26.8829,77.93798,2582.8144444,2340.0,37.44,Baragaon,100
RAJASTHAN,8.0,DHOLPUR,106.0,DHAULPUR,667.0,Bothpura,33269.0,26.88125,77.891167,Bothpura,1.0,Daperi,26.86928,77.90993,2287.99605203,1000.0,16.0,,100
RAJASTHAN,8.0,DHOLPUR,106.0,RAJAKHERA,668.0,jalalpur,33326.0,26.8405,77.934306,jalalpur,1.0,Randoli,26.86257,77.94194,2568.27371875,1903.0,30.448,Randoli,100
RAJASTHAN,8.0,DHOLPUR,106.0,DHAULPUR,667.0,Hinota,33277.0,26.8385,77.9205,Hinota,1.0,Seeypur,26.85663,77.91986,2016.96366277,1000.0,16.0,,100
RAJASTHAN,8.0,DHOLPUR,106.0,DHAULPUR,667.0,Tanda,33310.0,26.834778,77.879139,Tanda,1.0,Mahoori,26.85151,77.88905,2104.37498091,743.0,11.888,Mahoori,100
RAJASTHAN,8.0,DHOLPUR,106.0,RAJAKHERA,668.0,jalalpur,33326.0,26.8405,77.934306,jalalpur,1.0,Chaproli,26.84816,77.94923,1708.15294862,1383.0,22.128,Chaproli,100
RAJASTHAN,8.0,DHOLPUR,106.0,RAJAKHERA,668.0,bintipura,33319.0,26.8445,78.011417,bintipura,1.0,Garayach,26.84989,78.01709,822.174966219,1295.0,20.72,Garayach,100
RAJASTHAN,8.0,DHOLPUR,106.0,DHAULPUR,667.0,Tanda,33310.0,26.834778,77.879139,Tanda,1.0,Tanda,26.83569,77.87693,241.500829365,1322.0,21.152,Tanda,100
RAJASTHAN,8.0,DHOLPUR,106.0,RAJAKHERA,668.0,bintipura,33319.0,26.8445,78.011417,bintipura,1.0,Kherli,26.83331,77.99358,2163.36884438,665.0,10.64,Kherli,100
RAJASTHAN,8.0,DHOLPUR,106.0,RAJAKHERA,668.0,bintipura,33319.0,26.8445,78.011417,bintipura,1.0,Rundh Gadayach,26.83702,78.01621,958.084322452,1000.0,16.0,,100
RAJASTHAN,8.0,DHOLPUR,106.0,DHAULPUR,667.0,Maniya,33288.0,26.80525,77.917472,Maniya,1.0,Maniyan,26.82208,77.91093,1980.82476633,13740.0,219.84,Maniyan,100
RAJASTHAN,8.0,DHOLPUR,106.0,DHAULPUR,667.0,Dubati,33272.0,26.807861,77.898278,Dubati,1.0,Barawat,26.80807,77.88061,1753.59776172,1284.0,20.544,Barawat,100
RAJASTHAN,8.0,DHOLPUR,106.0,DHAULPUR,667.0,Dubati,33272.0,26.807861,77.898278,Dubati,1.0,Dubati,26.80352,77.90155,581.762926128,2637.0,42.192,Dubati,100
RAJASTHAN,8.0,DHOLPUR,106.0,DHAULPUR,667.0,Purani chhawani,33300.0,26.694694,77.855667,Purani chhawani,1.0,Purani Chhawani,26.69501,77.84631,930.214964981,1000.0,16.0,,100
RAJASTHAN,8.0,DHOLPUR,106.0,RAJAKHERA,668.0,bhesena,33318.0,26.716222,77.947139,bhesena,1.0,Bamroli,26.69665,77.94346,2206.77656397,1000.0,16.0,,100
RAJASTHAN,8.0,DHOLPUR,106.0,RAJAKHERA,668.0,chilpura,33320.0,26.7275,78.071944,chilpura,1.0,Gopalpura,26.70507,78.05674,2915.65119849,875.0,14.0,Gopalpura,100
RAJASTHAN,8.0,DHOLPUR,106.0,RAJAKHERA,668.0,diholi,33322.0,26.676361,78.024583,diholi,1.0,Ghuraiya Khera,26.70237,78.03227,2991.19999679,1000.0,16.0,,100
RAJASTHAN,8.0,DHOLPUR,106.0,DHAULPUR,667.0,Kurendha,33285.0,26.872278,77.803611,Kurendha,1.0,Prithvipura,26.86755,77.78819,1617.43134552,465.0,7.44,Prithvipura,100
RAJASTHAN,8.0,DHOLPUR,106.0,DHAULPUR,667.0,Rajora khurd,33303.0,26.849861,77.725333,Rajora khurd,1.0,Rajora Khurd,26.84885,77.71459,1071.70174883,1000.0,16.0,,100
RAJASTHAN,8.0,DHOLPUR,106.0,DHAULPUR,667.0,Chitaura,33270.0,26.831694,77.806361,Chitaura,1.0,Pekri,26.84191,77.80582,1137.23485995,1004.0,16.064,Pekri,100
RAJASTHAN,8.0,DHOLPUR,106.0,DHAULPUR,667.0,Sahroli,33304.0,26.836944,77.705028,Sahroli,1.0,Basaimurli,26.8337,77.70091,545.032748354,1000.0,16.0,,100
RAJASTHAN,8.0,DHOLPUR,106.0,RAJAKHERA,668.0,madabhau,33336.0,26.794444,77.993389,madabhau,1.0,Marha Bhau,26.80144,77.99301,778.828668679,1000.0,16.0,,100
RAJASTHAN,8.0,DHOLPUR,106.0,DHAULPUR,667.0,Maniya,33288.0,26.80525,77.917472,Maniya,1.0,Dandoli,26.80327,77.91972,313.448852146,2009.0,32.144,Dandoli,100
RAJASTHAN,8.0,DHOLPUR,106.0,DHAULPUR,667.0,Dubra,33273.0,26.770139,77.88625,Dubra,1.0,Doobra,26.77908,77.87981,1182.01136903,1338.0,21.408,Doobra,100
RAJASTHAN,8.0,DHOLPUR,106.0,RAJAKHERA,668.0,doolhara,33323.0,26.802667,77.949889,doolhara,1.0,Sarkauli,26.78559,77.9445,1972.77418092,1000.0,16.0,,100
RAJASTHAN,8.0,DHOLPUR,106.0,RAJAKHERA,668.0,singhawali bareh,33351.0,26.750333,77.980444,singhawali bareh,1.0,Bareh Mori,26.7657,77.981,1709.62394187,1000.0,16.0,,100
RAJASTHAN,8.0,DHOLPUR,106.0,RAJAKHERA,668.0,jatoli,33328.0,26.745806,77.936889,jatoli,1.0,Nayagaon,26.76028,77.94257,1705.4226668,1000.0,16.0,,100
RAJASTHAN,8.0,DHOLPUR,106.0,RAJAKHERA,668.0,singhawali bareh,33351.0,26.750333,77.980444,singhawali bareh,1.0,Pathrora Kalan,26.76204,77.9817,1307.7187937,1000.0,16.0,,100
RAJASTHAN,8.0,DHOLPUR,106.0,RAJAKHERA,668.0,luhari,33334.0,26.74,77.922806,luhari,1.0,Tordanyal,26.75011,77.91314,1478.18994234,1699.0,27.184,Tordanyal,100
RAJASTHAN,8.0,DHOLPUR,106.0,DHAULPUR,667.0,Odi,33296.0,26.751778,77.863111,Odi,1.0,Odi,26.75247,77.86478,182.712553963,680.0,10.88,Odi,100
RAJASTHAN,8.0,DHOLPUR,106.0,RAJAKHERA,668.0,luhari,33334.0,26.74,77.922806,luhari,1.0,Luhari,26.75103,77.92497,1245.16170835,2640.0,42.24,Luhari,100
RAJASTHAN,8.0,DHOLPUR,106.0,RAJAKHERA,668.0,singhawali bareh,33351.0,26.750333,77.980444,singhawali bareh,1.0,Singhawali,26.75835,77.98439,973.751224342,1589.0,25.424,Singhawali,100
RAJASTHAN,8.0,DHOLPUR,106.0,RAJAKHERA,668.0,singhawali bareh,33351.0,26.750333,77.980444,singhawali bareh,1.0,Farakhpur,26.74987,77.96605,1430.17398411,1000.0,16.0,,100
RAJASTHAN,8.0,DHOLPUR,106.0,RAJAKHERA,668.0,jatoli,33328.0,26.745806,77.936889,jatoli,1.0,Jatoli,26.75233,77.93126,915.786465981,1901.0,30.416,Jatoli,100
RAJASTHAN,8.0,DHOLPUR,106.0,RAJAKHERA,668.0,singhawali bareh,33351.0,26.750333,77.980444,singhawali bareh,1.0,Chak Jalalpur,26.74502,77.98119,595.404542971,1000.0,16.0,,100
RAJASTHAN,8.0,DHOLPUR,106.0,DHAULPUR,667.0,Pachgaon,33297.0,26.714583,77.847639,Pachgaon,1.0,Pachgaon,26.72436,77.84708,1088.5695883,2869.0,45.904,Pachgaon,100
RAJASTHAN,8.0,DHOLPUR,106.0,RAJAKHERA,668.0,singhawali bareh,33351.0,26.750333,77.980444,singhawali bareh,1.0,Khurd,26.73864,77.98458,1363.52588662,721.0,11.536,Surari Khurd,100
RAJASTHAN,8.0,DHOLPUR,106.0,RAJAKHERA,668.0,luhari,33334.0,26.74,77.922806,luhari,1.0,Bhagwantgarh,26.73547,77.91086,1288.81382977,1000.0,16.0,,100
RAJASTHAN,8.0,DHOLPUR,106.0,DHAULPUR,667.0,Pachgaon,33297.0,26.714583,77.847639,Pachgaon,1.0,Ondela,26.7233,77.87085,2500.83930085,1063.0,17.008,Ondela,100
RAJASTHAN,8.0,DHOLPUR,106.0,RAJAKHERA,668.0,luhari,33334.0,26.74,77.922806,luhari,1.0,Masoodpura,26.72346,77.89646,3198.16802018,1000.0,16.0,,100
RAJASTHAN,8.0,DHOLPUR,106.0,BARI,665.0,Marholi,33204.0,26.715083,77.749833,Marholi,2.0,Dheemri,26.71482,77.77628,2627.01964264,1052.0,16.832,Dheemri,163.8
RAJASTHAN,8.0,DHOLPUR,106.0,DHAULPUR,667.0,Purani chhawani,33300.0,26.694694,77.855667,Purani chhawani,1.0,DHAULPUR,26.6921,77.88409,2838.35197989,1000.0,16.0,,100
RAJASTHAN,8.0,DHOLPUR,106.0,RAJAKHERA,668.0,tagawali,33353.0,26.715667,77.929639,tagawali,1.0,Tagawali(rural),26.70789,77.91077,2064.10325378,1000.0,16.0,,100
RAJASTHAN,8.0,DHOLPUR,106.0,DHAULPUR,667.0,Sarani khera,33307.0,26.701222,77.802917,Sarani khera,1.0,Sarani,26.70302,77.79783,543.437769556,835.0,13.36,Sarani,100
RAJASTHAN,8.0,DHOLPUR,106.0,BARI,665.0,Marholi,33204.0,26.715083,77.749833,Marholi,2.0,Rajaura,26.69532,77.77164,3085.69443201,2929.0,46.864,Rajaura Kalan,163.8
RAJASTHAN,8.0,DHOLPUR,106.0,DHAULPUR,667.0,Sarani khera,33307.0,26.701222,77.802917,Sarani khera,1.0,Bhilgawan,26.69525,77.82094,1909.58470092,1468.0,23.488,Bhilgawan,100
RAJASTHAN,8.0,DHOLPUR,106.0,DHAULPUR,667.0,Basai Neem,33266.0,26.655806,77.887083,Basai Neem,1.0,Gawan,26.6761,77.91679,3715.65153513,381.0,6.096,Gawan,100
RAJASTHAN,8.0,DHOLPUR,106.0,DHAULPUR,667.0,Purani chhawani,33300.0,26.694694,77.855667,Purani chhawani,1.0,Hinnoda,26.6821,77.84389,1824.84312266,1000.0,16.0,,100
RAJASTHAN,8.0,DHOLPUR,106.0,BARI,665.0,Bijauli,33187.0,26.655639,77.7235,Bijauli,2.0,Nibhi,26.64431,77.75669,3530.85384354,1095.0,17.52,Nibhi,100
RAJASTHAN,8.0,DHOLPUR,106.0,DHAULPUR,667.0,Basai Neem,33266.0,26.655806,77.887083,Basai Neem,1.0,Basaineem,26.65342,77.8795,798.922321971,1000.0,16.0,,100
RAJASTHAN,8.0,DHOLPUR,106.0,DHAULPUR,667.0,Moroli Dang,33292.0,26.618222,77.857278,Moroli Dang,1.0,Moroli,26.62733,77.86173,1105.23461399,1385.0,22.16,Moroli Ka Pura,100
RAJASTHAN,8.0,DHOLPUR,106.0,DHAULPUR,667.0,Kotra,33284.0,26.636306,77.808417,Kotra,1.0,Patewari,26.62233,77.78732,2610.11130843,525.0,8.4,Patewari,100
RAJASTHAN,8.0,DHOLPUR,106.0,DHAULPUR,667.0,Kotra,33284.0,26.636306,77.808417,Kotra,1.0,Nagla Moroli,26.61647,77.81984,2480.77600172,1000.0,16.0,,100
RAJASTHAN,8.0,DHOLPUR,106.0,RAJAKHERA,668.0,nagar,33341.0,26.891056,78.0835,nagar,1.0,Teerajpur,26.89844,78.10314,2113.65097656,259.0,4.144,Teerajpur,100
RAJASTHAN,8.0,DHOLPUR,106.0,RAJAKHERA,668.0,devkhera,33321.0,26.892389,78.193472,devkhera,1.0,Deokhera,26.89429,78.20214,885.207368218,2038.0,32.608,Deokhera,100
RAJASTHAN,8.0,DHOLPUR,106.0,RAJAKHERA,668.0,bajana,33315.0,26.915972,78.23,bajana,1.0,Babarpur,26.88781,78.22901,3133.009938,1310.0,20.96,Babarpur,100
RAJASTHAN,8.0,DHOLPUR,106.0,RAJAKHERA,668.0,devkhera,33321.0,26.892389,78.193472,devkhera,1.0,Garhi Jonawad,26.88437,78.2143,2249.82857228,1000.0,16.0,,100
RAJASTHAN,8.0,DHOLPUR,106.0,RAJAKHERA,668.0,devkhera,33321.0,26.892389,78.193472,devkhera,1.0,Bichola,26.88343,78.17622,1979.83662097,1606.0,25.696,Bichola,100
RAJASTHAN,8.0,DHOLPUR,106.0,RAJAKHERA,668.0,devkhera,33321.0,26.892389,78.193472,devkhera,1.0,Neemdara,26.88332,78.19089,1040.43023128,559.0,8.944,Neemdara,100
RAJASTHAN,8.0,DHOLPUR,106.0,RAJAKHERA,668.0,khudila,33331.0,26.848889,78.116556,khudila,1.0,Khanpura,26.87415,78.11886,2818.17787578,811.0,12.976,Khanpura,100
RAJASTHAN,8.0,DHOLPUR,106.0,RAJAKHERA,668.0,nahila,33342.0,26.866528,78.151806,nahila,1.0,Gohdupura,26.87666,78.12543,2848.46279356,418.0,6.688,Gohdupura,100
RAJASTHAN,8.0,DHOLPUR,106.0,RAJAKHERA,668.0,basai ghiyaram,33316.0,26.853444,78.16075,basai ghiyaram,1.0,Sultanpur,26.86633,78.17296,1876.19877194,284.0,4.544,Sultanpur,100
RAJASTHAN,8.0,DHOLPUR,106.0,RAJAKHERA,668.0,samona,33347.0,26.855556,78.190556,samona,1.0,Jarga,26.8595,78.18989,443.501386952,4618.0,73.888,Jarga,100
RAJASTHAN,8.0,DHOLPUR,106.0,RAJAKHERA,668.0,sadapur,33344.0,26.854861,78.147417,sadapur,1.0,Nahila,26.86009,78.13778,1118.92827796,500.0,8.0,Rundh Nahila,100
RAJASTHAN,8.0,DHOLPUR,106.0,RAJAKHERA,668.0,khudila,33331.0,26.848889,78.116556,khudila,1.0,Khurila,26.8493,78.11824,173.204335826,1187.0,18.992,Khurila,100
RAJASTHAN,8.0,DHOLPUR,106.0,RAJAKHERA,668.0,basai ghiyaram,33316.0,26.853444,78.16075,basai ghiyaram,1.0,Garhi Kareelpur,26.85534,78.16823,771.409515052,1000.0,16.0,,100
RAJASTHAN,8.0,DHOLPUR,106.0,RAJAKHERA,668.0,sadapur,33344.0,26.854861,78.147417,sadapur,1.0,Bhagwanpur,26.84817,78.15287,919.887001456,768.0,12.288,Bhagwanpur,100
RAJASTHAN,8.0,DHOLPUR,106.0,RAJAKHERA,668.0,hathwari,33325.0,26.845778,78.058944,hathwari,1.0,Anandapura,26.83601,78.05557,1136.56730241,1747.0,27.952,Anandapura,100
RAJASTHAN,8.0,DHOLPUR,106.0,RAJAKHERA,668.0,samona,33347.0,26.855556,78.190556,samona,1.0,Samauna,26.83488,78.19251,2307.22500423,2171.0,34.736,Samauna,100
RAJASTHAN,8.0,DHOLPUR,106.0,RAJAKHERA,668.0,machariya,33335.0,26.825,78.077667,machariya,1.0,Machhariya,26.82876,78.08455,800.79157755,2559.0,40.944,Machhariya,100
RAJASTHAN,8.0,DHOLPUR,106.0,RAJAKHERA,668.0,basai ghiyaram,33316.0,26.853444,78.16075,basai ghiyaram,1.0,Sikandarpur,26.83398,78.17275,2470.14212067,221.0,3.536,Sikandarpur,100
RAJASTHAN,8.0,DHOLPUR,106.0,RAJAKHERA,668.0,khudila,33331.0,26.848889,78.116556,khudila,1.0,Sadapur,26.82415,78.12051,2778.68522596,958.0,15.328,Sadapur,100
RAJASTHAN,8.0,DHOLPUR,106.0,RAJAKHERA,668.0,basai ghiyaram,33316.0,26.853444,78.16075,basai ghiyaram,1.0,Garhi Jafar,26.81848,78.15416,3942.41909831,1000.0,16.0,,100
RAJASTHAN,8.0,DHOLPUR,106.0,RAJAKHERA,668.0,basai kare,33317.0,26.804611,78.075389,basai kare,1.0,Jaitpur,26.80876,78.11681,4136.64081493,1651.0,26.416,Jaitpur,100
RAJASTHAN,8.0,DHOLPUR,106.0,RAJAKHERA,668.0,marena,33339.0,26.801361,78.034722,marena,1.0,Marena,26.80905,78.039,954.59525549,4898.0,78.368,Marena,100
RAJASTHAN,8.0,DHOLPUR,106.0,RAJAKHERA,668.0,lalpur,33333.0,26.751056,78.024944,lalpur,1.0,Lalpur,26.75211,78.03796,1297.70532526,1698.0,27.168,Lalpur,100
RAJASTHAN,8.0,DHOLPUR,106.0,RAJAKHERA,668.0,chilpura,33320.0,26.7275,78.071944,chilpura,1.0,Teeketpura,26.74202,78.05776,2142.63506405,1000.0,16.0,,100
RAJASTHAN,8.0,DHOLPUR,106.0,RAJAKHERA,668.0,samor,33348.0,26.732083,78.016056,samor,1.0,Naseelpur,26.73718,78.0043,1297.76568509,846.0,13.536,Naseelpur,100
RAJASTHAN,8.0,DHOLPUR,106.0,RAJAKHERA,668.0,chilpura,33320.0,26.7275,78.071944,chilpura,1.0,Cheelpura,26.74148,78.08427,1978.59611952,990.0,15.84,Cheelpura,100
RAJASTHAN,8.0,DHOLPUR,106.0,RAJAKHERA,668.0,samor,33348.0,26.732083,78.016056,samor,1.0,Samor,26.72545,78.02437,1107.1375743,1829.0,29.264,Samor,100
RAJASTHAN,8.0,DHOLPUR,106.0,RAJAKHERA,668.0,chilpura,33320.0,26.7275,78.071944,chilpura,1.0,Bakspura,26.73511,78.08614,1644.27335496,606.0,9.696,Bakspura,100
RAJASTHAN,8.0,DHOLPUR,106.0,DHAULPUR,667.0,Garhi chatola,33275.0,26.774667,77.783528,Garhi chatola,1.0,Garhi Chatola,26.77345,77.78363,135.70254338,1000.0,16.0,,100
RAJASTHAN,8.0,DHOLPUR,106.0,DHAULPUR,667.0,Koluwa,33282.0,26.771722,77.819583,Koluwa,1.0,Koluwa,26.77179,77.8145,504.675114492,1000.0,16.0,,100
RAJASTHAN,8.0,DHOLPUR,106.0,DHAULPUR,667.0,Karimpur,33280.0,26.755222,77.808611,Karimpur,1.0,Dubepura,26.75771,77.79118,1752.67990361,836.0,13.376,Dubepura,100
RAJASTHAN,8.0,DHOLPUR,106.0,DHAULPUR,667.0,Odi,33296.0,26.751778,77.863111,Odi,1.0,Bara,26.75452,77.8437,1951.32396358,1023.0,16.368,Bara,100
RAJASTHAN,8.0,DHOLPUR,106.0,DHAULPUR,667.0,Karimpur,33280.0,26.755222,77.808611,Karimpur,1.0,Jagariyapura,26.75127,77.78519,2366.67097508,791.0,12.656,Jagariyapura,100
RAJASTHAN,8.0,DHOLPUR,106.0,DHAULPUR,667.0,Pureni,33301.0,26.744333,77.808028,Pureni,1.0,Kisharpura,26.7481,77.81937,1201.60968581,1000.0,16.0,,100
RAJASTHAN,8.0,DHOLPUR,106.0,DHAULPUR,667.0,Pureni,33301.0,26.744333,77.808028,Pureni,1.0,Kareempur,26.7482,77.81003,473.720756118,1132.0,18.112,Kareempur,100
RAJASTHAN,8.0,DHOLPUR,106.0,DHAULPUR,667.0,Pureni,33301.0,26.744333,77.808028,Pureni,1.0,Bisatipura,26.74538,77.83202,2385.22980027,431.0,6.896,Bisatipura,100
RAJASTHAN,8.0,DHOLPUR,106.0,DHAULPUR,667.0,Pureni,33301.0,26.744333,77.808028,Pureni,1.0,Pathaina,26.74134,77.78631,2182.14680727,1779.0,28.464,Pathaina,100
RAJASTHAN,8.0,DHOLPUR,106.0,DHAULPUR,667.0,Basai Samantha,33267.0,26.717611,77.820056,Basai Samantha,1.0,Umrara,26.73421,77.82575,1930.41289977,2276.0,36.416,Umrara,100
RAJASTHAN,8.0,DHOLPUR,106.0,RAJAKHERA,668.0,chilpura,33320.0,26.7275,78.071944,chilpura,1.0,Gunpur,26.72454,78.06348,902.747265457,1404.0,22.464,Gunpur,100
RAJASTHAN,8.0,DHOLPUR,106.0,RAJAKHERA,668.0,samor,33348.0,26.732083,78.016056,samor,1.0,Changora,26.71078,78.00614,2565.36195234,888.0,14.208,Changora,100
RAJASTHAN,8.0,DHOLPUR,106.0,RAJAKHERA,668.0,chilpura,33320.0,26.7275,78.071944,chilpura,1.0,Mahadpura,26.71761,78.08037,1381.92356964,241.0,3.856,Mahadpura,100
RAJASTHAN,8.0,DHOLPUR,106.0,RAJAKHERA,668.0,chilpura,33320.0,26.7275,78.071944,chilpura,1.0,Kathoomra,26.70426,78.08384,2841.48368707,863.0,13.808,Kathoomra,100
RAJASTHAN,8.0,DHOLPUR,106.0,RAJAKHERA,668.0,bajana,33315.0,26.915972,78.23,bajana,1.0,Shekhpur Brahmanan,26.9009,78.24193,2051.35704639,1000.0,16.0,,100
RAJASTHAN,8.0,DHOLPUR,106.0,RAJAKHERA,668.0,ganhedi,33324.0,26.879333,78.062361,ganhedi,1.0,Beech-ka-pura,26.89732,78.06073,2006.5932188,1000.0,16.0,,100
RAJASTHAN,8.0,DHOLPUR,106.0,RAJAKHERA,668.0,nagar,33341.0,26.891056,78.0835,nagar,1.0,Rundh Nahila,26.8917,78.11044,2672.62437195,1000.0,16.0,,100
RAJASTHAN,8.0,DHOLPUR,106.0,RAJAKHERA,668.0,nahila,33342.0,26.866528,78.151806,nahila,1.0,Saumli,26.87557,78.14379,1281.81823385,2154.0,34.464,Saumli,100
RAJASTHAN,8.0,DHOLPUR,106.0,RAJAKHERA,668.0,nadoli,33340.0,26.863917,78.081,nadoli,1.0,Mithawali,26.8739,78.1037,2510.39000796,1697.0,27.152,Mithawali,100
RAJASTHAN,8.0,DHOLPUR,106.0,RAJAKHERA,668.0,nahila,33342.0,26.866528,78.151806,nahila,1.0,Bhaupura,26.88147,78.14395,1835.11874333,500.0,8.0,Bhaupura,100
RAJASTHAN,8.0,DHOLPUR,106.0,RAJAKHERA,668.0,nahila,33342.0,26.866528,78.151806,nahila,1.0,Dighi,26.88511,78.16151,2279.39986542,1046.0,16.736,Dighi,100
RAJASTHAN,8.0,DHOLPUR,106.0,RAJAKHERA,668.0,ganhedi,33324.0,26.879333,78.062361,ganhedi,1.0,Ganhadi,26.87807,78.0624,140.492451567,1000.0,16.0,,100
RAJASTHAN,8.0,DHOLPUR,106.0,RAJAKHERA,668.0,nadoli,33340.0,26.863917,78.081,nadoli,1.0,Nadauli,26.85469,78.08842,1262.71413675,3212.0,51.392,Nadauli,100
RAJASTHAN,8.0,DHOLPUR,106.0,RAJAKHERA,668.0,hathwari,33325.0,26.845778,78.058944,hathwari,1.0,Hathwari,26.85169,78.04729,1329.99715427,3165.0,50.64,Hathwari,100
RAJASTHAN,8.0,DHOLPUR,106.0,RAJAKHERA,668.0,samona,33347.0,26.855556,78.190556,samona,1.0,Tadawali,26.84971,78.20553,1621.49712141,1000.0,16.0,,100
RAJASTHAN,8.0,DHOLPUR,106.0,RAJAKHERA,668.0,khudila,33331.0,26.848889,78.116556,khudila,1.0,Khurili,26.85354,78.13027,1455.49261158,136.0,2.176,Khurili,100
RAJASTHAN,8.0,DHOLPUR,106.0,RAJAKHERA,668.0,basai ghiyaram,33316.0,26.853444,78.16075,basai ghiyaram,1.0,Basai Gheeyaram,26.84059,78.15532,1527.45054234,1000.0,16.0,,100
RAJASTHAN,8.0,DHOLPUR,106.0,RAJAKHERA,668.0,khudila,33331.0,26.848889,78.116556,khudila,1.0,Jarah,26.83368,78.11463,1701.92509017,1033.0,16.528,Jarah,100
RAJASTHAN,8.0,DHOLPUR,106.0,RAJAKHERA,668.0,machariya,33335.0,26.825,78.077667,machariya,1.0,Pahari,26.81928,78.05853,2002.67957122,2015.0,32.24,Pahari,100
RAJASTHAN,8.0,DHOLPUR,106.0,RAJAKHERA,668.0,basai ghiyaram,33316.0,26.853444,78.16075,basai ghiyaram,1.0,Basai Kavilal,26.82837,78.16532,2824.72905271,1000.0,16.0,,100
RAJASTHAN,8.0,DHOLPUR,106.0,RAJAKHERA,668.0,basai ghiyaram,33316.0,26.853444,78.16075,basai ghiyaram,1.0,Barsala,26.79754,78.15701,6227.30928798,877.0,14.032,Barsala,100
RAJASTHAN,8.0,DHOLPUR,106.0,RAJAKHERA,668.0,marena,33339.0,26.801361,78.034722,marena,1.0,Indrawali,26.80171,78.0264,826.86692142,700.0,11.2,Indrawali,100
RAJASTHAN,8.0,DHOLPUR,106.0,RAJAKHERA,668.0,basai kare,33317.0,26.804611,78.075389,basai kare,1.0,Bichpuri,26.80732,78.0664,941.603220032,1028.0,16.448,Bichpuri,100
RAJASTHAN,8.0,DHOLPUR,106.0,RAJAKHERA,668.0,pharaspura,33343.0,26.781333,78.05675,pharaspura,1.0,Dani,26.78954,78.0537,961.486664703,561.0,8.976,Nagla Dani,100
RAJASTHAN,8.0,DHOLPUR,106.0,RAJAKHERA,668.0,basai kare,33317.0,26.804611,78.075389,basai kare,1.0,Jugaipura,26.79438,78.0742,1143.73966395,315.0,5.04,Jugaipura,100
RAJASTHAN,8.0,DHOLPUR,106.0,RAJAKHERA,668.0,marena,33339.0,26.801361,78.034722,marena,1.0,Dihauli,26.78317,78.02013,2487.82623615,2932.0,46.912,Dihauli,100
RAJASTHAN,8.0,DHOLPUR,106.0,RAJAKHERA,668.0,chilpura,33320.0,26.7275,78.071944,chilpura,1.0,Gadrai,26.69468,78.07074,3651.37648287,1216.0,19.456,Gadrai,100
RAJASTHAN,8.0,DHOLPUR,106.0,RAJAKHERA,668.0,diholi,33322.0,26.676361,78.024583,diholi,1.0,Shankerpura,26.68173,78.0723,4778.44117807,1000.0,16.0,,100
RAJASTHAN,8.0,DHOLPUR,106.0,RAJAKHERA,668.0,singhawali kalan,33352.0,26.935472,78.1725,singhawali kalan,1.0,Singhawalikhurd,26.93453,78.15303,1932.95205207,1000.0,16.0,,100
RAJASTHAN,8.0,DHOLPUR,106.0,RAJAKHERA,668.0,singhawali kalan,33352.0,26.935472,78.1725,singhawali kalan,1.0,Singhawali Kalan,26.93455,78.16953,311.76287836,1000.0,16.0,,100
RAJASTHAN,8.0,DHOLPUR,106.0,DHAULPUR,667.0,Nagla Kharagpur,33293.0,26.890278,77.841444,Nagla Kharagpur,1.0,Kharagpur,26.90173,77.85556,1892.38188533,2201.0,35.216,Kharagpur,100
RAJASTHAN,8.0,DHOLPUR,106.0,DHAULPUR,667.0,Bhadiyana,33268.0,26.905556,77.824028,Bhadiyana,1.0,Singhora,26.89521,77.8045,2252.40592776,876.0,14.016,Singhora,100
RAJASTHAN,8.0,DHOLPUR,106.0,DHAULPUR,667.0,Bothpura,33269.0,26.88125,77.891167,Bothpura,1.0,Kaimara,26.89642,77.87498,2328.61006152,669.0,10.704,Kaimara,100
RAJASTHAN,8.0,DHOLPUR,106.0,DHAULPUR,667.0,Bothpura,33269.0,26.88125,77.891167,Bothpura,1.0,Ajaipura,26.88896,77.88308,1173.99032461,1233.0,19.728,Ajaipura,100
RAJASTHAN,8.0,DHOLPUR,106.0,DHAULPUR,667.0,Kurendha,33285.0,26.872278,77.803611,Kurendha,1.0,Kurendha,26.88493,77.81199,1633.96240046,1334.0,21.344,Kurendha,100
RAJASTHAN,8.0,DHOLPUR,106.0,DHAULPUR,667.0,Piphera,33298.0,26.887222,77.775833,Piphera,1.0,Piphera,26.8846,77.77776,348.607033157,3595.0,57.52,Piphera,100
RAJASTHAN,8.0,DHOLPUR,106.0,DHAULPUR,667.0,Nidhera kalan,33294.0,26.873222,77.865222,Nidhera kalan,1.0,Nidhaira Kalan,26.87776,77.87673,1247.98327183,1000.0,16.0,,100
RAJASTHAN,8.0,DHOLPUR,106.0,DHAULPUR,667.0,Nagla Kharagpur,33293.0,26.890278,77.841444,Nagla Kharagpur,1.0,Badrika,26.88226,77.83765,967.709220634,1429.0,22.864,Badrika,100
RAJASTHAN,8.0,DHOLPUR,106.0,RAJAKHERA,668.0,pharaspura,33343.0,26.781333,78.05675,pharaspura,1.0,Karkakherli,26.77417,78.04542,1378.19548498,1000.0,16.0,,100
RAJASTHAN,8.0,DHOLPUR,106.0,RAJAKHERA,668.0,lalpur,33333.0,26.751056,78.024944,lalpur,1.0,Shekhpur Goojar,26.76249,78.04048,1998.98187427,1000.0,16.0,,100
RAJASTHAN,8.0,DHOLPUR,106.0,RAJAKHERA,668.0,chilpura,33320.0,26.7275,78.071944,chilpura,1.0,Andwa Puraini,26.7567,78.09078,3747.11526779,1000.0,16.0,,100
RAJASTHAN,8.0,DHOLPUR,106.0,RAJAKHERA,668.0,lalpur,33333.0,26.751056,78.024944,lalpur,1.0,Atroli,26.76703,78.01586,1992.09625987,1475.0,23.6,Atroli,100
RAJASTHAN,8.0,DHOLPUR,106.0,RAJAKHERA,668.0,lalpur,33333.0,26.751056,78.024944,lalpur,1.0,Marai,26.73871,78.03276,1577.01633165,1000.0,16.0,,100
RAJASTHAN,8.0,DHOLPUR,106.0,RAJAKHERA,668.0,diholi,33322.0,26.676361,78.024583,diholi,1.0,Kathoomri,26.69067,78.05472,3390.686622,712.0,11.392,Kathoomri,100
RAJASTHAN,8.0,DHOLPUR,106.0,DHAULPUR,667.0,Nunhera,33295.0,26.775583,77.745917,Nunhera,1.0,Nunhera,26.78221,77.74807,767.257700343,2176.0,34.816,Nunhera,100
RAJASTHAN,8.0,DHOLPUR,106.0,DHAULPUR,667.0,Maloni Khurd,33286.0,26.781861,77.834722,Maloni Khurd,1.0,Malauni Khurd,26.77927,77.84412,976.394551078,1000.0,16.0,,100
RAJASTHAN,8.0,DHOLPUR,106.0,DHAULPUR,667.0,Koluwa,33282.0,26.771722,77.819583,Koluwa,1.0,Chaura Khera,26.78759,77.80498,2283.56246831,1000.0,16.0,,100
RAJASTHAN,8.0,DHOLPUR,106.0,DHAULPUR,667.0,Marha Kankoli,33290.0,26.787667,77.709278,Marha Kankoli,1.0,Marha,26.78237,77.70715,625.731783771,960.0,15.36,Marha Goojar,100
RAJASTHAN,8.0,DHOLPUR,106.0,DHAULPUR,667.0,Pureni,33301.0,26.744333,77.808028,Pureni,1.0,Barkhera,26.7285,77.78886,2592.85155456,1315.0,21.04,Barkhera,100
RAJASTHAN,8.0,DHOLPUR,106.0,DHAULPUR,667.0,Basai Samantha,33267.0,26.717611,77.820056,Basai Samantha,1.0,Nagla Bhadoriya,26.72247,77.80658,1443.38616355,1000.0,16.0,,100
RAJASTHAN,8.0,DHOLPUR,106.0,DHAULPUR,667.0,Basai Samantha,33267.0,26.717611,77.820056,Basai Samantha,1.0,Mehra,26.71981,77.81345,700.202976879,295.0,4.72,Mehra,100
RAJASTHAN,8.0,DHOLPUR,106.0,DHAULPUR,667.0,Basai nabab,33265.0,26.900694,77.779972,Basai nabab,1.0,Saypur,26.92343,77.78431,2564.45660824,1000.0,16.0,,100
RAJASTHAN,8.0,DHOLPUR,106.0,DHAULPUR,667.0,Nagla Kharagpur,33293.0,26.890278,77.841444,Nagla Kharagpur,1.0,Indoli,26.89624,77.83113,1218.8847914,1044.0,16.704,Indoli,100
RAJASTHAN,8.0,DHOLPUR,106.0,DHAULPUR,667.0,Malonipanwar,33287.0,26.903056,77.739167,Malonipanwar,1.0,Jaroli,26.89594,77.75127,1437.5423812,2170.0,34.72,Jaroli,100
RAJASTHAN,8.0,DHOLPUR,106.0,DHAULPUR,667.0,Kurendha,33285.0,26.872278,77.803611,Kurendha,1.0,Sarkana,26.8681,77.80467,476.299567345,1305.0,20.88,Sarkana,100
RAJASTHAN,8.0,DHOLPUR,106.0,DHAULPUR,667.0,Moosalpur,33291.0,26.867472,77.83725,Moosalpur,1.0,Moosalpur,26.87415,77.84024,799.594705774,1232.0,19.712,Moosalpur,100
RAJASTHAN,8.0,DHOLPUR,106.0,DHAULPUR,667.0,Nidhera kalan,33294.0,26.873222,77.865222,Nidhera kalan,1.0,Nidhaira Khurd,26.86125,77.87162,1474.76046963,1000.0,16.0,,100
RAJASTHAN,8.0,DHOLPUR,106.0,DHAULPUR,667.0,Kaithari,33278.0,26.861833,77.684583,Kaithari,1.0,Doongarwara,26.87009,77.68981,1054.41893396,403.0,6.448,Doongarwara,100
RAJASTHAN,8.0,DHOLPUR,106.0,DHAULPUR,667.0,Piprauwa,33299.0,26.86075,77.772722,Piprauwa,1.0,Piprauwa,26.85944,77.77238,149.563893517,1605.0,25.68,Piprauwa,100
RAJASTHAN,8.0,DHOLPUR,106.0,DHAULPUR,667.0,Sakhwara,33306.0,26.842278,77.857444,Sakhwara,1.0,Sakhwara,26.84741,77.85396,667.173600071,2062.0,32.992,Sakhwara,100
RAJASTHAN,8.0,DHOLPUR,106.0,DHAULPUR,667.0,Moosalpur,33291.0,26.867472,77.83725,Moosalpur,1.0,Sastnagar,26.85226,77.83606,1695.61133203,1000.0,16.0,,100
RAJASTHAN,8.0,DHOLPUR,106.0,DHAULPUR,667.0,Sahroli,33304.0,26.836944,77.705028,Sahroli,1.0,Semra,26.85068,77.70585,1529.5491836,913.0,14.608,Semra,100
RAJASTHAN,8.0,DHOLPUR,106.0,DHAULPUR,667.0,Saipau,33305.0,26.811194,77.758583,Saipau,1.0,Saipau,26.82562,77.7461,2026.72894733,10716.0,171.456,Saipau,100
RAJASTHAN,8.0,DHOLPUR,106.0,DHAULPUR,667.0,Chitaura,33270.0,26.831694,77.806361,Chitaura,1.0,Chitaura,26.82725,77.80144,694.700606775,2542.0,40.672,Chitaura,100
RAJASTHAN,8.0,DHOLPUR,106.0,DHAULPUR,667.0,Chitaura,33270.0,26.831694,77.806361,Chitaura,1.0,Paraua,26.82751,77.78091,2567.87496378,2789.0,44.624,Paraua,100
RAJASTHAN,8.0,DHOLPUR,106.0,DHAULPUR,667.0,Sakhwara,33306.0,26.842278,77.857444,Sakhwara,1.0,Jamalpur,26.82729,77.84201,2263.31950084,469.0,7.504,Jamalpur,100
RAJASTHAN,8.0,DHOLPUR,106.0,DHAULPUR,667.0,Kookra makara,33283.0,26.824833,77.723194,Kookra makara,1.0,Kookra Makra,26.82588,77.71542,780.140547957,1000.0,16.0,,100
RAJASTHAN,8.0,DHOLPUR,106.0,DHAULPUR,667.0,Tahri,33309.0,26.803583,77.826111,Tahri,1.0,Rajpur,26.81673,77.81717,1710.09820255,2021.0,32.336,Rajpur,100
RAJASTHAN,8.0,DHOLPUR,106.0,DHAULPUR,667.0,Saipau,33305.0,26.811194,77.758583,Saipau,1.0,Ludhpura,26.81914,77.77119,1531.63177021,1211.0,19.376,Ludhpura,100
RAJASTHAN,8.0,DHOLPUR,106.0,DHAULPUR,667.0,Manpur,33289.0,26.804389,77.842083,Manpur,1.0,Manpur,26.80618,77.8402,273.103017533,1927.0,30.832,Manpur,100
RAJASTHAN,8.0,DHOLPUR,106.0,BASERI,666.0,Kunkuta,33247.0,26.811694,77.680389,Kunkuta,2.0,Garhi Lajja,26.80471,77.6992,2021.95700059,1000.0,16.0,,163.8
RAJASTHAN,8.0,DHOLPUR,106.0,DHAULPUR,667.0,Taseemo,33311.0,26.80175,77.772861,Taseemo,1.0,Taseemo,26.80006,77.77905,642.36173724,6767.0,108.272,Taseemo,100
RAJASTHAN,8.0,DHOLPUR,106.0,DHAULPUR,667.0,Saipau,33305.0,26.811194,77.758583,Saipau,1.0,Salepur,26.8047,77.76191,794.009020135,676.0,10.816,Salepur,100
RAJASTHAN,8.0,DHOLPUR,106.0,DHAULPUR,667.0,Tahri,33309.0,26.803583,77.826111,Tahri,1.0,Norangabad,26.80179,77.80874,1735.53817327,1544.0,24.704,Norangabad,100
RAJASTHAN,8.0,DHOLPUR,106.0,DHAULPUR,667.0,Nunhera,33295.0,26.775583,77.745917,Nunhera,1.0,Hajipur,26.79128,77.73652,1979.04690485,1249.0,19.984,Hajipur,100
RAJASTHAN,8.0,DHOLPUR,106.0,DHAULPUR,667.0,Taseemo,33311.0,26.80175,77.772861,Taseemo,1.0,Phoolpura,26.79392,77.79345,2221.26286813,1585.0,25.36,Phoolpura,100
RAJASTHAN,8.0,DHOLPUR,106.0,DHAULPUR,667.0,Nagla Kharagpur,33293.0,26.890278,77.841444,Nagla Kharagpur,1.0,Nagla Kharagpur,26.89039,77.85097,944.79309525,1000.0,16.0,,100
RAJASTHAN,8.0,DHOLPUR,106.0,DHAULPUR,667.0,Daunari,33271.0,26.874167,77.754972,Daunari,1.0,Donari,26.87557,77.74622,881.977833299,4203.0,67.248,Donari,100
RAJASTHAN,8.0,DHOLPUR,106.0,DHAULPUR,667.0,Rajora khurd,33303.0,26.849861,77.725333,Rajora khurd,1.0,Kaithri,26.8664,77.72789,1856.46336336,2345.0,37.52,Kaithri,100
RAJASTHAN,8.0,DHOLPUR,106.0,DHAULPUR,667.0,Kaithari,33278.0,26.861833,77.684583,Kaithari,1.0,Ghughrai,26.87208,77.70792,2580.0785331,670.0,10.72,Ghughrai,100
RAJASTHAN,8.0,DHOLPUR,106.0,DHAULPUR,667.0,Kaithari,33278.0,26.861833,77.684583,Kaithari,1.0,Gogali,26.8593,77.68448,281.842011461,464.0,7.424,Gogali,100
RAJASTHAN,8.0,DHOLPUR,106.0,DHAULPUR,667.0,Moosalpur,33291.0,26.867472,77.83725,Moosalpur,1.0,Malpur,26.86821,77.83294,435.320386812,1.0,0.016,Malpur,100
RAJASTHAN,8.0,DHOLPUR,106.0,DHAULPUR,667.0,Daunari,33271.0,26.874167,77.754972,Daunari,1.0,Intaki,26.86222,77.75743,1350.63413892,969.0,15.504,Intaki,100
RAJASTHAN,8.0,DHOLPUR,106.0,DHAULPUR,667.0,Kolari,33281.0,26.854139,77.813889,Kolari,1.0,Kolari,26.85499,77.81424,100.830066976,3200.0,51.2,Kolari,100
RAJASTHAN,8.0,DHOLPUR,106.0,DHAULPUR,667.0,Kaithari,33278.0,26.861833,77.684583,Kaithari,1.0,Rundhrajora,26.85708,77.69614,1262.39920387,1000.0,16.0,,100
RAJASTHAN,8.0,DHOLPUR,106.0,DHAULPUR,667.0,Kanasil,33279.0,26.850861,77.790056,Kanasil,1.0,Kanasil,26.84655,77.78761,537.282914305,2242.0,35.872,Kanasil,100
RAJASTHAN,8.0,DHOLPUR,106.0,DHAULPUR,667.0,Rajaura kalan,33302.0,26.845194,77.756333,Rajaura kalan,1.0,Rajaura Kalan,26.84441,77.75453,198.991051093,1000.0,16.0,,100
RAJASTHAN,8.0,DHOLPUR,106.0,DHAULPUR,667.0,Sahroli,33304.0,26.836944,77.705028,Sahroli,1.0,Sahroli,26.83613,77.69432,1066.28587598,2027.0,32.432,Sahroli,100
RAJASTHAN,8.0,DHOLPUR,106.0,DHAULPUR,667.0,Kookra makara,33283.0,26.824833,77.723194,Kookra makara,1.0,Nagla Raja,26.82334,77.73313,999.827614131,1000.0,16.0,,100
RAJASTHAN,8.0,DHOLPUR,106.0,DHAULPUR,667.0,Kookra makara,33283.0,26.824833,77.723194,Kookra makara,1.0,Khaprela,26.81446,77.71232,1579.48664506,1000.0,16.0,,100
RAJASTHAN,8.0,DHOLPUR,106.0,DHAULPUR,667.0,Marha Kankoli,33290.0,26.787667,77.709278,Marha Kankoli,1.0,Kankoli,26.78975,77.71953,1043.64902376,1452.0,23.232,Kankoli,100
RAJASTHAN,8.0,DHOLPUR,106.0,DHAULPUR,667.0,Tahri,33309.0,26.803583,77.826111,Tahri,1.0,Tahri,26.79205,77.82508,1286.48730351,2087.0,33.392,Tahri,100
RAJASTHAN,8.0,DHOLPUR,106.0,DHAULPUR,667.0,Nunhera,33295.0,26.775583,77.745917,Nunhera,1.0,Ari,26.78222,77.76288,1838.52964657,1942.0,31.072,Ari,100
RAJASTHAN,8.0,DHOLPUR,106.0,DHAULPUR,667.0,Marha Kankoli,33290.0,26.787667,77.709278,Marha Kankoli,1.0,Sarekhi,26.77731,77.69838,1580.05985302,1051.0,16.816,Sarekhi,100
RAJASTHAN,8.0,DHOLPUR,106.0,DHAULPUR,667.0,Garhi chatola,33275.0,26.774667,77.783528,Garhi chatola,1.0,Kumheri,26.77112,77.80022,1703.38410308,2132.0,34.112,Kumheri,100
RAJASTHAN,8.0,DHOLPUR,106.0,DHAULPUR,667.0,Karimpur,33280.0,26.755222,77.808611,Karimpur,1.0,Nagla Dani,26.75866,77.8116,483.961707564,1000.0,16.0,,100
RAJASTHAN,8.0,DHOLPUR,106.0,DHAULPUR,667.0,Koluwa,33282.0,26.771722,77.819583,Koluwa,1.0,Ratan-ka-pura,26.7576,77.82597,1693.49510891,1000.0,16.0,,100
RAJASTHAN,8.0,DHOLPUR,106.0,DHAULPUR,667.0,Pureni,33301.0,26.744333,77.808028,Pureni,1.0,Puraini,26.73903,77.80234,816.541147327,1857.0,29.712,Puraini,100
RAJASTHAN,8.0,DHOLPUR,106.0,DHAULPUR,667.0,Pureni,33301.0,26.744333,77.808028,Pureni,1.0,Jakhi,26.73466,77.81396,1226.33397362,1196.0,19.136,Jakhi,100
RAJASTHAN,8.0,DHOLPUR,106.0,BASERI,666.0,Madasil,33250.0,26.548361,77.329,Madasil,2.0,Bhood Khera,26.57552,77.28427,5376.95761616,1000.0,16.0,,163.8
RAJASTHAN,8.0,DHOLPUR,106.0,BASERI,666.0,Madasil,33250.0,26.548361,77.329,Madasil,2.0,Sajnapur,26.55911,77.27848,5165.19342385,1000.0,16.0,,163.8
